上海海万信息科技股份有限公司,3945445,Python 数据分析,大专,3-5年,13k-25k,深圳,500-2000人,不需要融资,"最先进的技,大项目,交通便利,环境好",2019/5/16
上海陆家嘴国际金融资产交易市场股份有限公司,5579971,25212E-数据分析岗,本科,3-5年,10k-15k,深圳,2000人以上,B轮,"五险一金,带薪年假,节日福利,高温补贴",00:00发布
车好多旧机动车经纪（北京）有限公司,4584794,数据分析师（金融）,本科,3-5年,20k-40k,北京,2000人以上,D轮及以上,"领导好,股票期权,奖金多,靠谱CEO",1天前发布
挖财网络技术有限公司,5529012,高级数据分析师 (MJ001016),本科,3-5年,15k-30k,上海,500-2000人,D轮及以上,"公司平台,晋升空间,弹性工作,节假日福利",1天前发布
北京微聚未来科技有限公司,5390437,高级数据分析师,本科,3-5年,20k-40k,北京,500-2000人,不需要融资,七险一金、15-20薪、牛人团队,1天前发布
发现时空（北京）信息技术有限公司,5517550,高级数据分析师,本科,5-10年,25k-35k,北京,50-150人,B轮,扁平化管理 旅游基金 离地铁2分钟,1天前发布
深圳市和讯华谷信息技术有限公司,2857336,高级数据分析师,本科,3-5年,20k-30k,深圳,500-2000人,上市公司,"数据量大,攻城狮氛围,牛人多,弹性工作",1天前发布
北京自如友家资产管理有限公司,4535740,数据分析经理,本科,5-10年,15k-30k,北京,2000人以上,A轮,"绩效奖金,年底双薪,餐补,房补",1天前发布
广州华多网络科技有限公司,5294402,数据分析师 (MJ001409),本科,3-5年,10k-20k,广州,2000人以上,上市公司,平台大、福利多,2019/5/9
中信百信银行股份有限公司,3956842,高级数据分析师,本科,5-10年,30k-50k,北京,150-500人,不需要融资,"金融互联网,发展空间,合作团队,大牛多",1天前发布
北京大米未来科技有限公司,5253335,数据分析经理（用户）,本科,5-10年,15k-30k,北京,2000人以上,D轮及以上,"平台大,氛围轻松,弹性工作",2019/5/14
达疆网络科技（上海）有限公司,5320048,高级数据分析经理,本科,5-10年,30k-50k,上海,2000人以上,D轮及以上,处在风口的发展平台，牛逼的团队,1天前发布
广州市百果园网络科技有限公司,5406563,数据分析师,硕士,1-3年,15k-30k,广州,500-2000人,D轮及以上,年底双薪、年终奖、住房补贴、全勤奖,1天前发布
珠海市碧桂园管理服务有限公司,5954722,数据分析师,本科,5-10年,8k-15k,佛山,2000人以上,不需要融资,500强企业 发展好,1天前发布
北京快看世界信息技术有限公司,5620108,数据分析,本科,3-5年,15k-25k,北京,150-500人,D轮及以上,零食水果 免费晚餐 发展空间大,1天前发布
上海海万信息科技股份有限公司,5380722,python数据分析,本科,1-3年,10k-15k,深圳,500-2000人,不需要融资,五险一金，周末双休，朝九晚六,1天前发布
挖财网络技术有限公司,5451656,数据分析实习生 (MJ000998),不限,不限,2k-4k,上海,500-2000人,D轮及以上,"公司平台,晋升空间,弹性工作,节假日福利",1天前发布
车好多旧机动车经纪（北京）有限公司,5420145,数据分析经理,本科,5-10年,25k-40k,北京,2000人以上,D轮及以上,快速成长 期权激励 晋升空间,1天前发布
北京自如友家资产管理有限公司,5534114,市场数据分析师,本科,1-3年,10k-20k,北京,2000人以上,A轮,租房优惠 六险一金 绩效奖金 免费体检,1天前发布
北京快看世界信息技术有限公司,5620063,数据分析师,本科,3-5年,15k-25k,北京,150-500人,D轮及以上,"双休,七险一金,免费晚餐,重点业务",1天前发布
上海证大喜马拉雅网络科技有限公司,5779914,数据分析师,本科,3-5年,15k-30k,北京,500-2000人,D轮及以上,16薪 周末双休 极客文化 弹性工作,1天前发布
上海轻轻信息科技有限公司,5922501,数据分析师,本科,3-5年,15k-25k,上海,2000人以上,D轮及以上,D轮融资、技术大牛、教育行业,1天前发布
深圳微众税银信息服务有限公司,4130779,数据分析师,硕士,不限,10k-18k,深圳,150-500人,C轮,"发展空间,公司福利好",1天前发布
欧科互动网络科技（北京）有限公司,5946854,数据分析,本科,3-5年,15k-30k,北京,500-2000人,B轮,"区块链技术,行业风口",1天前发布
上海欢兽实业有限公司,5834471,数据分析（风控）,本科,1-3年,10k-20k,上海,500-2000人,B轮,"扁平化管理,平台大,奖金多,15薪",1天前发布
广州希音供应链管理有限公司,5853381,数据分析师 (MJ000443),本科,1-3年,6k-8k,南京,2000人以上,C轮,五险一金，绩效奖金，年终奖，节日福利,1天前发布
鹏元征信有限公司,5783436,数据分析师（数据运营）,本科,3-5年,15k-25k,深圳,150-500人,不需要融资,行业前列、合规第一、持牌经营,1天前发布
湖南麓山云数据科技服务有限公司,5183495,数据分析师,本科,1-3年,8k-12k,长沙,150-500人,不需要融资,"学习机会,晋升空间",1天前发布
深圳小步网络科技有限公司,5545318,数据分析师,本科,3-5年,20k-40k,深圳,150-500人,B轮,高薪酬股票期权热门海外业务氛围好牛人多,1天前发布
上海任意门科技有限公司,5645952,数据分析师,本科,3-5年,20k-40k,上海,150-500人,C轮,"高薪资,平台好,潜力大,氛围浓",1天前发布
上海任意门科技有限公司,5719810,数据分析师,本科,3-5年,15k-30k,北京,150-500人,C轮,"上升空间,高薪资,扁平管理",1天前发布
易云游网络技术(北京)有限公司,5885332,数据分析师,本科,1-3年,13k-20k,北京,150-500人,C轮,大平台、六险一金,1天前发布
遨游酒店信息技术(深圳)有限责任公司,5956008,数据分析师,本科,3-5年,15k-25k,上海,500-2000人,不需要融资,包晚餐；弹性工作,1天前发布
中移在线服务有限公司,3975218,数据分析（互联网运营中心）,本科,3-5年,12k-24k,郑州,2000人以上,不需要融资,"领导好,扁平化,福利多,空间大",1天前发布
中国平安财产保险股份有限公司,5785645,032281-数据分析岗,本科,1-3年,11k-20k,深圳,2000人以上,上市公司,"五险一金,绩效奖金,带薪年假,定期体检",00:00发布
北京酷得少年科技有限公司,5941650,数据分析师,本科,1-3年,20k-30k,北京,50-150人,A轮,六险一金、春节2周假期、季度奖金,1天前发布
北京金山网络科技有限公司,5450245,数据分析师,本科,1-3年,15k-25k,北京,500-2000人,上市公司,六险一金，免费班车，补助，年终奖，健身房,1天前发布
北京四达时代软件技术股份有限公司,3246596,数据分析师,本科,3-5年,18k-25k,北京,2000人以上,上市公司,"多业务平台,海外用户,大量数据,发展空间大",1天前发布
掌阅科技股份有限公司,5956101,数据分析师（广告投放）,本科,不限,15k-25k,北京,500-2000人,上市公司,"工作氛围好,各种团建",1天前发布
杭州观数信息科技有限公司,3045803,数据分析师,本科,3-5年,12k-24k,杭州,50-150人,A轮,"成长空间,牛人团队,独挡一面,期权激励",1天前发布
北京粉笔未来科技有限公司,5920778,数据分析师,本科,3-5年,15k-30k,北京,2000人以上,D轮及以上,五一9天假、双休、旅游津贴、nice领导,1天前发布
深圳宜搜天下科技股份有限公司,5955664,数据分析师,大专,1-3年,10k-12k,深圳,500-2000人,D轮及以上,双休，六险一金，期权激励，年终奖金,1天前发布
武汉屈臣氏个人用品商店有限公司广州分公司,5533861,数据分析师（会员营销）,大专,3-5年,10k-15k,广州,2000人以上,不需要融资,"发展空间大,工作氛围好,千万级用户",1天前发布
玖富金科控股集团有限责任公司,5787021,数据分析师（金融方向）,本科,3-5年,15k-25k,北京,2000人以上,D轮及以上,平台好，氛围好，地铁周边，领导NICE,1天前发布
算话智能科技有限公司,5479849,大数据分析师,本科,1-3年,9k-18k,上海,50-150人,B轮,优秀团队、绩效奖金、福利津贴、定期体检,1天前发布
中移在线服务有限公司,5494730,大数据分析师,本科,3-5年,15k-25k,郑州,2000人以上,不需要融资,海量数据 优质平台 发展空间大,1天前发布
杭州观数信息科技有限公司,5355366,数据分析师,本科,1-3年,15k-30k,深圳,50-150人,A轮,牛人团队 成长空间 期权激励 独当一面,1天前发布
北京水象科技有限公司,5937284,数据分析师（电商）,不限,3-5年,14k-20k,北京,2000人以上,不需要融资,五险一金 多次调薪,1天前发布
上海阑途信息技术有限公司,5388108,数据分析师,本科,1-3年,15k-20k,上海,2000人以上,D轮及以上,扁平化管理，大牛带教,1天前发布
中和农信项目管理有限公司,5888215,数据分析师（北京）(J10503),本科,3-5年,8k-15k,北京,2000人以上,不需要融资,年底多薪 、弹性工作、商业保险、员工宿舍,1天前发布
行吟信息科技（上海）有限公司,5656177,数据分析师,大专,1-3年,5k-8k,武汉,500-2000人,D轮及以上,六险一金 周末双休 13薪 定期体检等,1天前发布
深圳瑞银信信息技术有限公司,4807455,数据分析,本科,不限,10k-20k,北京,2000人以上,不需要融资,"五险一金,定期体检,每月补贴",1天前发布
阳光保险集团股份有限公司,5075030,数据分析岗,本科,1-3年,15k-25k,北京,2000人以上,不需要融资,"大平台,办公环境好,领导很棒,交通便利",1天前发布
创络（上海）数据科技有限公司,4765174,大数据分析师,本科,3-5年,15k-25k,上海,150-500人,B轮,弹性工作,1天前发布
上海钧正网络科技有限公司,5327291,数据分析,本科,1-3年,12k-20k,上海,2000人以上,D轮及以上,五险一金 年终多薪 工作时间弹性,1天前发布
厦门美柚信息科技有限公司,5899330,数据分析（产品方向）,本科,不限,8k-15k,杭州,500-2000人,D轮及以上,五险一金，转正机会，免费班车，大牛带队,1天前发布
北京高因科技有限公司,5662282,大数据分析师,本科,3-5年,20k-40k,北京,500-2000人,B轮,大平台 发展快 带薪旅游 体检,1天前发布
南京浦和数据有限公司,3908272,数据分析师,本科,不限,10k-20k,南京,15-50人,A轮,"五险一金,年终奖金,带薪年假,法定节假",1天前发布
广州市卓越里程教育科技有限公司,5801014,数据分析师,本科,5-10年,15k-25k,广州,2000人以上,不需要融资,BAT队友、团队nice、丰厚奖金、双休,1天前发布
北京新工场投资顾问有限公司,3803867,数据分析师,本科,1-3年,10k-20k,北京,50-150人,A轮,互联网金融 期权激励 六险一金 优秀团队,1天前发布
武汉佰钧成技术有限责任公司,5948412,数据分析师,本科,3-5年,11k-22k,深圳,2000人以上,不需要融资,项目好,1天前发布
拼途（北京）信息技术有限公司,4391587,数据分析师（风控方向）,本科,1-3年,15k-25k,北京,150-500人,D轮及以上,"风控业务,数据分析",1天前发布
上海钧正网络科技有限公司,5416597,数据分析师 (MJ003207),不限,不限,15k-25k,上海,2000人以上,D轮及以上,互联网公司 弹性工作 领导好,1天前发布
北京福佑多多信息技术有限公司,5512268,数据分析师,本科,3-5年,15k-25k,北京,500-2000人,D轮及以上,福利待遇好、创业黑马、技术氛围好,1天前发布
北京闪银奇异科技有限公司,5915782,数据分析师,本科,3-5年,15k-25k,北京,500-2000人,D轮及以上,免费午餐 发展空间大 团队氛围好,1天前发布
北京五八到家信息技术有限公司,5672823,（高级）数据分析师,大专,3-5年,14k-20k,北京,2000人以上,D轮及以上,"公司靠谱,产品靠谱,领导靠谱,团队靠谱",1天前发布
上海晶赞融宣科技有限公司,5407651,数据分析师,硕士,不限,10k-20k,上海,150-500人,D轮及以上,"大数据,互联网",1天前发布
北京嗨学网教育科技股份有限公司,5780722,数据分析师,本科,3-5年,15k-30k,北京,500-2000人,D轮及以上,"平台好，领导nice,福利佳",1天前发布
百度在线网络技术（北京）有限公司,5912913,数据分析师,不限,3-5年,15k-30k,北京,2000人以上,不需要融资,"团队牛,绩效好,公司大,进步快",1天前发布
行吟信息科技（上海）有限公司,5303307,数据分析师,本科,3-5年,15k-30k,上海,500-2000人,D轮及以上,包三餐 零食饮料无限量供应,1天前发布
北京弘合柏基金融信息服务有限责任公司,5913206,数据分析（融资方向）,本科,1-3年,8k-14k,北京,2000人以上,不需要融资,发展空间大 团队nice,1天前发布
挖财网络技术有限公司,5744502,数据分析师 (MJ001038),不限,1-3年,15k-25k,上海,500-2000人,D轮及以上,带薪年假，员工旅游，五险一金，扁平管理,1天前发布
凡普金科集团有限公司,5781109,数据分析师,本科,3-5年,20k-30k,北京,2000人以上,不需要融资,发展空间大,1天前发布
武汉斗鱼网络科技有限公司,5825940,数据分析师,本科,3-5年,8k-12k,武汉,2000人以上,D轮及以上,下午茶；五险一金；弹性工作；前景好；,1天前发布
深圳市超级猩猩健身管理有限公司,5670374,数据分析师,本科,3-5年,10k-20k,深圳,150-500人,D轮及以上,"颜值高团队,扁平化管理,老板好,员工福利",1天前发布
北京嗨学网教育科技股份有限公司,5860991,数据分析师,本科,1-3年,10k-14k,北京,500-2000人,D轮及以上,准上市公司、千万级账户、弹性工作、高奖金,1天前发布
广州市梦享网络技术有限公司,5941625,数据分析师,大专,1-3年,8k-14k,深圳,50-150人,B轮,绩效奖金；股票期权；扁平管理；周末双休,1天前发布
广州幸福家科技有限公司,5587569,数据分析师,本科,1-3年,8k-15k,广州,150-500人,不需要融资,"行业大咖,阿里巴巴,新媒体广告",1天前发布
广州数说故事信息科技有限公司,4739438,数据分析师,本科,1-3年,12k-20k,北京,150-500人,B轮,"颜值高,氛围好,周末双休",1天前发布
广州明动软件股份有限公司,5743333,数据分析师,本科,1-3年,8k-11k,广州,150-500人,不需要融资,五险一金，餐饮补贴，周末双休，社团活动,1天前发布
北京云动九天科技有限公司,5935757,数据分析师（增长方向）,本科,5-10年,25k-50k,北京,150-500人,C轮,成长空间、技能提升、免费三餐,1天前发布
塞纳德（北京）信息技术有限公司,5864828,数据分析师（资源分析）,本科,3-5年,15k-20k,北京,500-2000人,不需要融资,"六险一金,全薪病假,办公环境棒",1天前发布
长沙蜜獾信息科技有限公司,5940890,数据分析师,本科,1-3年,5k-9k,长沙,150-500人,不需要融资,五险一金，带薪年假 中餐补贴，交通补贴,1天前发布
深圳蓝贝科技有限公司,5951575,数据分析师,本科,3-5年,20k-30k,深圳,500-2000人,C轮,六险一金 下午茶 全勤奖 年终奖,1天前发布
宝宝巴士（福建）网络科技有限公司,5715772,数据分析师,本科,3-5年,8k-16k,福州,500-2000人,B轮,五险一金 周末双休 年度体检,1天前发布
上海莉莉丝科技股份有限公司,5762557,数据分析师,本科,1-3年,12k-24k,上海,150-500人,不需要融资,"弹性工作,福利待遇好,工作氛围好",1天前发布
成都聚思力信息技术有限公司,5246226,大数据分析师,本科,1-3年,15k-25k,成都,500-2000人,上市公司,"五险一金,9天年假起,旅游补贴,医疗报销",1天前发布
北京心更远科技发展有限公司,5895438,数据分析师 (MJ000438),本科,1年以下,15k-25k,北京,500-2000人,C轮,高薪资，福利多多，晋升空间大,1天前发布
浙江霖梓控股有限公司,4746664,数据分析师,本科,3-5年,8k-15k,杭州,150-500人,B轮,"福利多多,弹性工作,晋升发展,五险一金",1天前发布
深圳市随手科技有限公司,5420463,数据分析师,本科,3-5年,13k-25k,深圳,500-2000人,C轮,团队氛围好，发展空间大,1天前发布
广州数说故事信息科技有限公司,5341243,数据分析师,本科,1-3年,10k-20k,上海,150-500人,B轮,五险一金 周末双休 扁平管理,1天前发布
算话智能科技有限公司,4957675,数据分析师,本科,1-3年,12k-16k,上海,50-150人,B轮,"绩效奖金,福利津贴,交通补贴,假日福利",1天前发布
重庆迅游科技有限公司,5813773,数据分析师,大专,3-5年,15k-30k,重庆,150-500人,不需要融资,"五险一金,交通补贴,年底双薪,餐费补贴",1天前发布
北京下厨房科技有限公司,5827281,数据分析师,本科,1-3年,14k-20k,北京,50-150人,B轮,"带薪年假多,免费午餐,弹性时间",1天前发布
北京易观智库网络科技有限公司,5899704,数据分析师,不限,5-10年,20k-35k,北京,150-500人,B轮,互联网大数据领先品牌 六险一金 弹性工作,1天前发布
浙江森马电子商务有限公司,2382205,数据分析师,本科,1-3年,8k-12k,杭州,500-2000人,上市公司,双休 五险一金 假期长 扁平化管理,1天前发布
深圳蓝贝科技有限公司,5798240,数据分析,本科,3-5年,12k-20k,深圳,500-2000人,C轮,年终奖、跨国平台、朝阳行业,1天前发布
北京微聚未来科技有限公司,5639625,数据分析师,本科,1-3年,10k-20k,北京,500-2000人,不需要融资,七险一金、15-20薪、牛人团队,1天前发布
深圳市库盒科技有限公司,5611937,数据分析师,本科,3-5年,15k-25k,深圳,150-500人,B轮,周末双休，下午茶零食，团建旅游,1天前发布
上海别样秀数据科技有限公司,4687784,数据分析师,本科,1-3年,15k-25k,上海,150-500人,B轮,"工程师文化,美式管理,弹性工作,福利优厚",1天前发布
南京蓝鲸人网络科技有限公司,5924383,数据分析,本科,3-5年,20k-40k,北京,50-150人,B轮,六险一金 期权股票 晚餐 下午茶,1天前发布
上海数禾信息科技有限公司,5804640,数据分析师,本科,3-5年,15k-30k,上海,500-2000人,B轮,"移动金融,未来金矿,精英团队,助力成长",1天前发布
小小黛朵（北京）科技有限公司,4916502,数据分析,本科,3-5年,15k-25k,北京,150-500人,B轮,"五险一金,节日福利,晋升空间大,弹性工作",1天前发布
广州市巴图鲁信息科技有限公司,5540455,数据分析师,本科,1-3年,7k-10k,广州,500-2000人,C轮,五险一金；带薪假期；,1天前发布
北京造化科技有限公司,4057574,数据分析师,本科,5-10年,10k-15k,北京,150-500人,B轮,"广阔空间,年轻团队,欢乐氛围",1天前发布
格上出行服务有限公司,5840481,数据分析师,大专,不限,4k-6k,杭州,500-2000人,不需要融资,周末双休 五险一金 加班补助 员工旅游,1天前发布
北京心更远科技发展有限公司,5247557,数据分析师,本科,1-3年,15k-20k,北京,500-2000人,C轮,七险一金,1天前发布
北京高因科技有限公司,5452870,数据分析师,本科,1-3年,10k-15k,北京,500-2000人,B轮,大平台 发展快,1天前发布
神策网络科技（北京）有限公司,4757428,数据分析师-上海,本科,3-5年,15k-25k,上海,150-500人,C轮,"五险一金,午餐补助,补充医疗,14薪",1天前发布
深圳市路通网络技术有限公司,5592108,数据分析员,本科,1-3年,10k-15k,深圳,500-2000人,不需要融资,五险一金 带薪培训 免费体检,1天前发布
混沌时代（北京）教育科技有限公司,5515756,数据分析师,本科,3-5年,15k-30k,北京,150-500人,不需要融资,"弹性工作,六险一金,年度体检,学习氛围",1天前发布
杭州嘉云数据科技有限公司,4467010,数据分析师（BI）,本科,1-3年,8k-15k,杭州,150-500人,C轮,"精英团队,发展空间,海量数据",1天前发布
深圳市随手科技有限公司,5845522,数据分析师,本科,1-3年,8k-15k,深圳,500-2000人,C轮,"节日福利多,涨薪快,平台大,晋升空间大",1天前发布
百融云创科技股份有限公司,5031061,数据分析师,本科,应届毕业生,10k-20k,北京,500-2000人,C轮,"年度旅游,带薪休假,绩效奖励,五险一金",1天前发布
北京水滴互联科技有限公司,5279194,数据分析师,本科,1-3年,10k-20k,北京,500-2000人,B轮,"年底双薪,股票期权,扁平管理,晋升快",1天前发布
深圳晶泰科技有限公司,5762588,数据分析师,硕士,不限,10k-15k,深圳,50-150人,B轮,扁平管理、年底双薪、年终奖、无加班文化,1天前发布
广州悦跑信息科技有限公司,5440507,数据分析师（中级）,本科,1-3年,8k-15k,广州,150-500人,C轮,五险一金，周末双休，公司氛围好,1天前发布
北京嘟嘟一下科技有限公司,5762565,数据分析师,本科,1-3年,10k-15k,北京,50-150人,B轮,期权股票 租房补助,1天前发布
广州筷子信息科技有限公司,5390760,数据分析师,本科,1-3年,6k-10k,广州,50-150人,B轮,氛围好 空间大 领导好 人工智能,1天前发布
威比网络科技（上海）有限公司,4916008,数据分析师,大专,1-3年,6k-10k,上海,2000人以上,C轮,"优秀团队,早餐水果,节日福利",1天前发布
混沌时代（北京）教育科技有限公司,5167551,数据分析师,本科,3-5年,15k-30k,北京,150-500人,不需要融资,"弹性工作,六险一金,年度体检,学习氛围",1天前发布
百融云创科技股份有限公司,5030681,数据分析师,本科,应届毕业生,10k-20k,北京,500-2000人,C轮,"带薪休假,年度旅游,五险一金,绩效奖励",1天前发布
广州悦跑信息科技有限公司,5440536,数据分析师（初级）,本科,1年以下,4k-8k,广州,150-500人,C轮,五险一金，周末双休，公司氛围好,1天前发布
杭州好一库网络科技有限公司,5719370,数据分析师,本科,不限,12k-24k,杭州,150-500人,B轮,氛围好 五险一金 福利好 准独角兽企业,1天前发布
深圳市随手科技有限公司,5525274,数据分析师（上海）,本科,1-3年,13k-25k,上海,500-2000人,C轮,发展空间大,1天前发布
上海韩创网络科技有限公司,5750986,数据分析师,本科,1-3年,15k-20k,上海,500-2000人,不需要融资,发展空间，晋升，期权分红，年终奖，,1天前发布
北京一览科技有限公司,3760775,数据分析师,本科,1-3年,20K-40K,北京,150-500人,B轮,待遇优厚,1天前发布
北京纯粹旅行有限公司,5483537,数据分析师,本科,1-3年,12k-22k,北京,150-500人,C轮,带薪休假，年底多薪，定期体检，公司环境佳,1天前发布
精硕科技（北京）股份有限公司,5760999,数据分析师(J10156),本科,1年以下,6k-10k,上海,500-2000人,不需要融资,空间大 平台好 福利多,1天前发布
北京鼎阅广告传媒有限责任公司,5628466,数据分析师（高级）,本科,3-5年,20k-25k,北京,150-500人,不需要融资,地铁周边 导师1对1 零食 下午茶,1天前发布
北京新东方迅程网络科技股份有限公司,5339102,数据分析师,本科,3-5年,15k-30k,北京,500-2000人,不需要融资,"地铁周边,发展空间",1天前发布
上海中彦信息科技股份有限公司,5918327,数据分析师,本科,1-3年,10k-20k,上海,500-2000人,C轮,"福利待遇好,工作环境优,六险一金",1天前发布
北京妙医佳信息技术有限公司,5754075,数据分析师,本科,1-3年,15k-30k,北京,150-500人,C轮,六险一金，福利健全，平台发展前景好,1天前发布
深圳数位传媒科技有限公司,4864988,数据分析师,本科,5-10年,20k-30k,深圳,150-500人,B轮,"14薪起,股票期权,技术大牛,氛围融洽",1天前发布
北京沃丰时代数据科技有限公司,5210317,数据分析,本科,3-5年,20k-40k,北京,150-500人,C轮,"团队强悍,待遇丰厚,地铁周边",1天前发布
百融云创科技股份有限公司,5031502,数据分析师,本科,应届毕业生,10k-20k,上海,500-2000人,C轮,"年底双薪,带薪年假,年度旅游,绩效奖励",1天前发布
深圳前海用友力合金融服务有限公司,4215499,数据分析（风控方向）,本科,1-3年,8k-15k,深圳,500-2000人,不需要融资,公司发展前景好+薪酬福利优,1天前发布
上海知助数据科技有限公司,5791832,python开发工程师(数据分析/爬虫),本科,1-3年,11k-16k,上海,少于15人,天使轮,"职位潜力大,五险一金,年终分红",2019/4/22
上海小牛互娱智能科技有限公司,5901301,数据分析师,不限,3-5年,15k-25k,上海,500-2000人,未融资,美女多，福利好，弹性工作,1天前发布
北京至上泽思信息技术有限公司,5820001,数据分析师,本科,3-5年,15k-30k,上海,50-150人,未融资,"五险一金,补充医疗,节日福利,带薪年假",1天前发布
杭州观数信息科技有限公司,3045803,数据分析师,本科,3-5年,12k-24k,杭州,50-150人,A轮,"成长空间,牛人团队,独挡一面,期权激励",1天前发布
北京无极慧通科技有限公司,5570911,数据分析师,本科,3-5年,10k-15k,北京,50-150人,A轮,"广阔的发展,创业公司,融洽的办公",1天前发布
深圳市和讯华谷信息技术有限公司,5645002,数据分析师,本科,1-3年,9k-15k,深圳,500-2000人,上市公司,"五险一金,奖金丰厚,福利多多,定期体检",1天前发布
杭州红花朵朵网络技术有限公司,5532121,数据分析,本科,3-5年,12k-20k,杭州,50-150人,A轮,快速成长，行业独角兽,1天前发布
厦门多快好省网络科技有限公司,5880792,数据分析师,本科,1-3年,8k-16k,厦门,50-150人,不需要融资,弹性上班，周末双休，五险一金 免费午晚餐,1天前发布
久爱致和（北京）科技有限公司,4143575,数据分析员,本科,1-3年,6k-10k,北京,150-500人,上市公司,发展前景好,1天前发布
杭州睿拓智能科技有限公司,5335113,数据分析师,本科,1-3年,11k-16k,上海,50-150人,A轮,AI 美国公司,1天前发布
深圳微融信息科技有限公司,5748069,数据分析师,本科,1-3年,9k-15k,深圳,50-150人,不需要融资,高薪 灵活 轻松,1天前发布
北京悠贝成长科技有限公司,5945751,数据分析,本科,3-5年,12k-24k,北京,50-150人,不需要融资,晋升空间大，培训完善，公司逗比多,1天前发布
深圳乐信软件技术有限公司,5827915,数据分析师 （桔子理财） (MJ000539),本科,不限,15k-30k,深圳,2000人以上,上市公司,上市公司 五险一金 发展空间 团队激励,1天前发布
百融云创科技股份有限公司,5002454,数据分析师,本科,应届毕业生,10k-20k,北京,500-2000人,C轮,"福利好,环境好,扁平化,领导是大牛",1天前发布
杭州观数信息科技有限公司,5355366,数据分析师,本科,1-3年,15k-30k,深圳,50-150人,A轮,牛人团队 成长空间 期权激励 独当一面,1天前发布
北京印象笔记科技有限公司,5831968,数据分析师,本科,1-3年,10k-15k,北京,50-150人,A轮,"本地化,产品基调好,团队年轻,作战实力强",1天前发布
上海花千树信息科技有限公司北京分公司,5482652,数据分析,本科,1-3年,8k-15k,北京,500-2000人,上市公司,"成熟团队,上升空间",1天前发布
上海旖美信息技术有限公司,5900608,数据分析师,本科,3-5年,10k-15k,上海,150-500人,A轮,升职加薪，指日可待,1天前发布
深圳市立创电子商务有限公司,5389270,数据分析师（用户方向）,本科,3-5年,15k-20k,深圳,150-500人,A轮,周末双休，五险一金，下午茶，工作氛围好,1天前发布
深圳市一面网络技术有限公司,5523109,数据分析师（汽车行业）,本科,不限,8k-15k,深圳,50-150人,A轮,大数据人工智能；名校系大牛；技术氛围浓,1天前发布
上海微盟企业发展有限公司,4384123,数据分析师（新零售）,本科,1-3年,8k-10k,上海,2000人以上,上市公司,"发展速度快,晋升空间大,团队给力",1天前发布
北京世纪好未来教育科技有限公司,5753844,数据分析师,本科,5-10年,20k-40k,北京,2000人以上,上市公司,上市公司,1天前发布
传神语联网网络科技股份有限公司,5915035,数据分析,本科,1年以下,4k-5k,武汉,500-2000人,上市公司,老板好 工作氛围佳 发展空间高,1天前发布
深圳市新国都股份有限公司,5919324,数据分析（风控方向）,本科,1-3年,7k-12k,深圳,2000人以上,上市公司,发展前景好，福利待遇好，晋升空间,1天前发布
北京万维之道信息技术有限公司,4858411,数据分析师,本科,1-3年,10k-20k,北京,150-500人,A轮,"六险一金,前景好,管理扁平",1天前发布
上海联元智能科技有限公司,5897831,数据分析师,本科,3-5年,15k-30k,上海,50-150人,A轮,五险一金 绩效奖金 弹性工作 补充公积金,1天前发布
上海宏路数据技术股份有限公司,5165983,数据分析师,本科,1-3年,8k-16k,上海,50-150人,上市公司,"六险一金,定期体检,员工旅游,地铁周边",1天前发布
深圳来电科技有限公司,5954567,数据分析师,本科,3-5年,14k-20k,深圳,500-2000人,A轮,"行业独角兽,全员期权,发展空间大",1天前发布
深圳市立创电子商务有限公司,5524909,数据分析师（商品方向）,本科,3-5年,15k-20k,深圳,150-500人,A轮,"五险一金,周末双休,水果下午茶,",1天前发布
深圳市一面网络技术有限公司,5523125,数据分析师（数据科学方向）,本科,1-3年,10k-20k,深圳,50-150人,A轮,大数据人工智能；名校系大牛；技术氛围浓,1天前发布
久爱致和（北京）科技有限公司,5589683,数据分析员,本科,1年以下,5k-7k,北京,150-500人,上市公司,"上市公司,六险一金,年度旅游,年度体检",1天前发布
广东省电信规划设计院有限公司,5296734,数据分析师,本科,1-3年,6k-9k,广州,2000人以上,上市公司,"博士带队,博士导师,5天7小时,氛围好",1天前发布
北京刷刷看网络科技有限公司,5779714,数据分析,本科,3-5年,14k-25k,北京,50-150人,A轮,五险一金 发展空间大,1天前发布
北京自如友家资产管理有限公司,5869894,数据分析师,本科,1-3年,8k-15k,北京,2000人以上,A轮,租房优惠 六险一金 绩效奖金 免费体检,1天前发布
杭州智屏电子商务有限公司,5288845,数据分析,本科,3-5年,10k-20k,杭州,50-150人,不需要融资,六险一金 带薪年假,1天前发布
上海驰骛信息科技有限公司,5690955,数据分析师（数据运营）,本科,3-5年,10k-20k,上海,50-150人,A轮,五险一金补充商保免费零食免费晚餐年度体检,1天前发布
思凯思特（北京）科技有限公司,5760257,数据分析师,本科,1-3年,15k-25k,北京,150-500人,上市公司,"六险一金,带薪假期,工作居住证,外资团队",1天前发布
北京希为科技有限公司,5906062,数据分析师（ETL方向）,本科,1-3年,10k-15k,深圳,50-150人,不需要融资,"发展空间,各种福利",1天前发布
武汉悦然心动网络科技有限公司,5648547,数据分析师,不限,不限,10k-20k,武汉,150-500人,上市公司,带薪出国游；千万级用户,1天前发布
北京美至网络科技有限公司,4328277,数据分析师,本科,1-3年,15k-20k,上海,50-150人,A轮,"团队氛围好,挑战与学习,办公环境好",1天前发布
北京三快在线科技有限公司,5863062,数据分析师,本科,5-10年,30k-40k,北京,2000人以上,上市公司,知名互联网平台,1天前发布
上海二三四五网络科技有限公司,5811856,数据分析师（信息流）(J11843),本科,3-5年,10k-18k,上海,500-2000人,上市公司,上市公司，团队氛围好，福利好，业务多元化,1天前发布
珠海市魅族科技有限公司,5822637,数据分析师,本科,1-3年,10k-15k,深圳,2000人以上,A轮,发展平台大 工作氛围佳,1天前发布
深圳市立创电子商务有限公司,5524923,数据分析师（用户）,不限,不限,6k-10k,深圳,150-500人,A轮,"五险一金,周末双休,水果下午茶,",1天前发布
深圳市一面网络技术有限公司,5523143,数据分析师(商业方向，中高级）,本科,1-3年,10k-20k,深圳,50-150人,A轮,大数据人工智能；名校系大牛；技术氛围浓,1天前发布
上海驰骛信息科技有限公司,5943184,数据分析师,本科,3-5年,15k-30k,上海,50-150人,A轮,年度体检免费晚餐额外商保带薪10天年假,1天前发布
思凯思特（北京）科技有限公司,5134571,数据分析师,本科,1-3年,10k-20k,上海,150-500人,上市公司,"六险一金,带薪休假,弹性工作,扁平管理",1天前发布
上海二三四五网络科技有限公司,5550881,数据分析师（汽车金融）,本科,1-3年,8k-15k,上海,500-2000人,上市公司,上市公司背景，技术驱动等,1天前发布
上海维信荟智金融科技有限公司,5800754,数据分析师（风险分析）,本科,1-3年,13k-16k,上海,2000人以上,上市公司,"团队优秀,发展平台好",1天前发布
上海星融汽车科技有限公司,5362409,数据分析师,大专,1-3年,10k-20k,上海,150-500人,A轮,人工智能 技术前沿 氛围热情 待遇优厚,1天前发布
广东赢商网数据服务股份有限公司,4584644,数据分析（实习）,本科,不限,3k-4k,广州,150-500人,上市公司,周末双休,1天前发布
上海画龙信息科技有限公司,5020913,数据分析师,本科,3-5年,10k-20k,上海,50-150人,A轮,"硅谷团队,发15m,晋升平台,带薪假期",1天前发布
同程网络科技股份有限公司,5804426,数据分析,本科,3-5年,20k-30k,苏州,2000人以上,上市公司,薪资福利好，发展平台大,1天前发布
完美世界（北京）软件科技发展有限公司,5644738,数据分析,本科,3-5年,15k-30k,上海,2000人以上,上市公司,项目稳定 福利待遇好,1天前发布
北京超盟数据科技有限公司,5856410,数据分析师,本科,3-5年,20k-30k,北京,50-150人,A轮,六险一金，周末双休，弹性考勤，发展空间大,1天前发布
北京天工矩阵信息技术有限公司,5945321,数据分析,本科,3-5年,10k-18k,北京,50-150人,A轮,"成长空间,五险一金,丰厚奖金,带薪年假",1天前发布
联想（北京）有限公司,5781958,数据分析师（供应链）,本科,5-10年,20k-30k,北京,2000人以上,上市公司,"弹性工作,商业保险",1天前发布
北京寄云鼎城科技有限公司,5894647,数据分析师,本科,1-3年,10k-20k,北京,50-150人,A轮,"股票期权,行业前沿,五险一金,定期体检",1天前发布
深圳市一面网络技术有限公司,5523119,数据分析师（数据资产方向）,本科,1-3年,10k-20k,深圳,50-150人,A轮,大数据人工智能；名校系大牛；技术氛围浓,1天前发布
上海驰骛信息科技有限公司,5943522,数据分析师,本科,3-5年,15k-30k,上海,50-150人,A轮,年度体检免费晚餐补充商保10天带薪年假,1天前发布
上海维信荟智金融科技有限公司,5510899,数据分析师（产品运营）,本科,1-3年,13k-18k,上海,2000人以上,上市公司,平台大 办公环境好 同事nice,1天前发布
飞友科技有限公司,5677709,（民航）数据分析师,硕士,3-5年,10k-20k,上海,150-500人,A轮,"六险一金,周末双休,年终奖金,境外旅游",1天前发布
申通快递有限公司,4315150,数据分析师,大专,不限,5k-10k,上海,2000人以上,上市公司,"数据分析,需求分析",1天前发布
上海懒人易健科技有限公司,5173528,数据分析师,本科,3-5年,15k-27k,深圳,50-150人,不需要融资,"独立自主,海量数据,节奏快,创新驱动",1天前发布
和信电子商务有限公司,5652389,数据分析师,本科,3-5年,15k-25k,北京,150-500人,上市公司,五险一金 地铁周边 周末双休 带薪年假,1天前发布
北京三快在线科技有限公司,5823315,数据分析（业务策略）,本科,3-5年,10k-20k,北京,2000人以上,上市公司,平台大,1天前发布
上海盛惜投资管理有限公司,5905232,数据分析师,本科,3-5年,20k-35k,上海,50-150人,不需要融资,优秀团队 做五休二 五险一金 节日福利,1天前发布
厦门点触科技股份有限公司,5951660,数据分析师,本科,3-5年,10k-20k,厦门,150-500人,上市公司,免费班车 免费早餐 免费体检 五险一金,1天前发布
深圳市银之杰科技股份有限公司,5948004,数据分析师,本科,3-5年,10k-20k,深圳,150-500人,上市公司,福利,1天前发布
深圳市对庄科技有限公司,5040265,数据分析师,本科,3-5年,10k-15k,广州,15-50人,A轮,"发展空间大,给力小伙伴,经验值UP",1天前发布
睿智合创（北京）科技有限公司,5730073,数据分析师,本科,3-5年,18k-35k,北京,50-150人,A轮,7险一金 地铁附近 平台优质,1天前发布
绿漫科技有限公司,4414826,数据分析师,本科,3-5年,14k-24k,杭州,50-150人,不需要融资,"13薪,行业领先,产品经理,多产品线",1天前发布
北京有大家科技有限公司,5937472,数据分析师,本科,1-3年,6k-12k,北京,15-50人,天使轮,扁平管理，氛围活跃，大牛带队，六险一金,1天前发布
飞友科技有限公司,4735530,数据分析（南京）,本科,1-3年,10k-15k,南京,150-500人,A轮,"弹性工作,氛围轻松",1天前发布
北京三快在线科技有限公司,5823065,数据分析（业务策略）,本科,3-5年,20k-30k,北京,2000人以上,上市公司,平台大,1天前发布
上海艾天科技有限公司,5151976,数据分析师,不限,3-5年,10k-20k,上海,15-50人,不需要融资,"平台好,环境好,氛围好,机会多",1天前发布
海南新浪爱问普惠科技有限公司,5728286,数据分析,本科,3-5年,15k-20k,深圳,500-2000人,未融资,高额年终奖 体检 旅游 团建,1天前发布
优品财富管理有限公司,5879346,数据分析师,大专,3-5年,7k-12k,武汉,500-2000人,未融资,大牛云集,1天前发布
成都三泰控股集团股份有限公司福州分公司,5859533,数据分析员（台江）,大专,不限,3k-4k,福州,50-150人,未融资,五险一金、节日福利、法定节假日,1天前发布
上海番糖网络科技有限公司,5295411,数据分析师,本科,1-3年,8k-16k,上海,50-150人,未融资,"年底双薪,员工旅游,员工体检,餐补车补",1天前发布
北京博雅大智慧科技有限公司,3536483,数据分析师,硕士,不限,10k-20k,北京,50-150人,未融资,深耕于北大，打造在线数据科学家培养平台,1天前发布
深圳市大疆创新科技有限公司,5906310,数据分析师,本科,3-5年,12k-20k,深圳,2000人以上,未融资,发展空间 公司平台,1天前发布
湖北长江云新媒体集团有限公司,5698644,数据分析师,本科,1-3年,4k-7k,武汉,150-500人,未融资,五险一金，饭补，交通费，周末双休,1天前发布
广府数字（深圳）股份有限公司,5533158,数据分析师（BI运营）,大专,1-3年,6k-10k,广州,15-50人,未融资,"股票期权,高福利,公司核心骨,报酬丰厚",1天前发布
上海奕己信息科技有限公司,5900147,数据分析师,大专,1-3年,8k-16k,上海,15-50人,未融资,"绩效奖金,弹性工作,年终奖金,期权激励",1天前发布
杭州光云科技股份有限公司,4265476,数据分析师,本科,3-5年,15k-25k,杭州,500-2000人,不需要融资,"弹性时间,六险一金,股票期权,年度旅游",1天前发布
金宝贝网络科技（苏州）有限公司上海分公司,5942644,数据分析师,本科,1-3年,15k-25k,上海,50-150人,未融资,大牛云集 成长空间大 高效团队 创业型,1天前发布
宁波邻家网络科技有限公司,4704007,数据分析师,本科,1-3年,14k-25k,宁波,50-150人,未融资,扁平化管理、发展空间大、团队氛围好,1天前发布
海南新浪爱问普惠科技有限公司,5559632,数据分析师,本科,3-5年,15k-20k,深圳,500-2000人,未融资,高额年终奖 团建 体检 旅游,1天前发布
优品财富管理有限公司,5372143,数据分析师,大专,3-5年,6k-10k,武汉,500-2000人,未融资,大牛云集,1天前发布
四川锦程消费金融有限责任公司,5879113,数据分析,本科,1-3年,9k-15k,成都,150-500人,未融资,"持牌机构,稳定平台,职业发展,薪酬待遇",1天前发布
上海小牛互娱智能科技有限公司,5896876,数据分析师（实习）,本科,1年以下,4k-6k,上海,500-2000人,未融资,年终奖,1天前发布
深圳数位传媒科技有限公司,4210417,数据分析师,本科,5-10年,25k-50k,深圳,150-500人,B轮,"14薪起,股票期权,大牛团队,技术氛围好",1天前发布
北京达佳互联信息技术有限公司,5823253,数据分析师（业务分析）-【商业化】,本科,3-5年,20k-40k,北京,2000人以上,D轮及以上,扁平化管理,2019/5/14
武汉市追忆那年网络科技有限公司,5430691,数据分析师,本科,3-5年,15k-30k,深圳,50-150人,B轮,"SNS,薪资优渥,社交大咖",2天前发布
上海脉豪商务信息咨询有限公司,3167494,数据分析师,本科,1-3年,8k-12k,上海,150-500人,天使轮,"行业先锋,数据驱动,项目奖金,活力年轻",1天前发布
探探科技（北京）有限公司,5685002,增长数据分析师,本科,1-3年,15k-30k,北京,150-500人,D轮及以上,免费三餐、弹性工作、交通便利,1天前发布
凡普金科集团有限公司,5929577,数据分析师-增长,本科,1-3年,15k-25k,北京,2000人以上,不需要融资,发展空间大,1天前发布
中诚信征信有限公司,3403083,数据分析师（风控建模方向）,硕士,1-3年,15k-30k,北京,150-500人,不需要融资,"五险一金,免费午餐,下午茶,独立四合院",1天前发布
上海寻梦信息技术有限公司,5732360,数据分析师,本科,3-5年,15k-30k,上海,2000人以上,上市公司,"平台好,大牛多,薪资待遇佳",2019/5/14
中国平安财产保险股份有限公司,5546267,数据分析与挖掘岗,本科,3-5年,15k-25k,深圳,2000人以上,上市公司,丰厚的年终奖,00:00发布
厦门美柚信息科技有限公司,5639311,数据分析师-增长方向,本科,1-3年,15k-30k,北京,500-2000人,D轮及以上,发展空间大,1天前发布
北京趣拿软件科技有限公司,5874578,数据分析师-火车票事业部(J13782),本科,3-5年,20k-40k,北京,2000人以上,不需要融资,地铁旁、年度旅游、年终奖、绩效奖金,1天前发布
上海小牛互娱智能科技有限公司,5770125,数据分析师,本科,3-5年,15k-30k,上海,500-2000人,未融资,年终奖,1天前发布
上海寻梦信息技术有限公司,5576119,数据分析师（广告方向）,本科,3-5年,20k-40k,上海,2000人以上,上市公司,福利待遇好，团队氛围好，公司潜力佳,2019/5/14
中诚信征信有限公司,4070433,数据分析师（风控建模方向-上海）,硕士,1-3年,15k-30k,上海,150-500人,不需要融资,"行业领导者,弹性工作制,周五7小时,扁平化管理",1天前发布
百度在线网络技术（北京）有限公司,4964263,数据分析师-视频业务,本科,3-5年,12k-24k,北京,2000人以上,不需要融资,"大平台,高福利",1天前发布
凡普金科集团有限公司,5929616,数据分析师-风控,本科,1-3年,15k-25k,北京,2000人以上,不需要融资,发展空间大,1天前发布
北京趣拿软件科技有限公司,5910487,数据分析师-市场营销部(J13651),本科,3-5年,15k-25k,北京,2000人以上,不需要融资,氛围好,1天前发布
武汉佰钧成技术有限责任公司,5950550,数据分析,大专,1-3年,7k-9k,深圳,2000人以上,不需要融资,免费班车/免费早餐,3天前发布
上海欧拉网络技术有限公司,5915840,产品/数据分析师,本科,5-10年,20k-40k,北京,50-150人,C轮,"发展空间,绩效奖金,福利完善,简单开放",1天前发布
北京字节跳动科技有限公司,5327234,商业产品实习生-数据分析,本科,不限,4k-5k,北京,2000人以上,C轮,弹性工作，免费三餐，餐补，租房补贴,1天前发布
江苏艾佳家居用品有限公司,3024791,BI工程师/数据分析师,本科,3-5年,12k-24k,南京,150-500人,B轮,"BI,数据分析",1天前发布
同盾科技有限公司,5754426,数据分析师-杭州/上海-01685,不限,1-3年,10k-20k,上海,500-2000人,C轮,六险一金、双休、节日福利、旅游、免费零食,1天前发布
神策网络科技（北京）有限公司,4756488,数据分析师-北京,本科,3-5年,15k-25k,北京,150-500人,C轮,"五险一金,餐补,补充医疗,14薪",1天前发布
北京微聚未来科技有限公司,5614123,数据分析师-用户增长方向,本科,3-5年,15k-30k,北京,500-2000人,不需要融资,"牛人团队,带薪年假,16薪考核,快速成长",1天前发布
腾讯科技（深圳）有限公司,3413899,23048-数据分析师,本科,3-5年,18k-36k,北京,2000人以上,上市公司,"大平台,新领域,大咖多",1天前发布
北京车托帮网络技术有限公司,5950873,数据分析师,本科,3-5年,15k-25k,北京,50-150人,C轮,五险一金，饭补,3天前发布
上海寻梦信息技术有限公司,5292839,数据分析师,本科,不限,15k-30k,上海,2000人以上,上市公司,GMV2600亿，活跃用户3亿,2019/5/14
神策网络科技（北京）有限公司,4757404,数据分析师-深圳,本科,3-5年,15k-25k,深圳,150-500人,C轮,"五险一金,午餐补助,补充医疗,14薪",1天前发布
深圳市房多多网络科技有限公司,5940191,数据分析师,本科,1-3年,10k-20k,上海,2000人以上,C轮,团队优秀 大牛云集 发展机会多 专业平台,3天前发布
北京至上泽思信息技术有限公司,5819948,数据分析师-业务分析方向,本科,1-3年,10k-15k,上海,50-150人,未融资,"五险一金,补充医疗,节日福利,带薪年假",1天前发布
杭州观数信息科技有限公司,5683650,解决方案顾问/数据分析师,本科,3-5年,10k-20k,杭州,50-150人,A轮,牛人团队 成长空间 期权激励 独当一面,1天前发布
上海驰骛信息科技有限公司,5815943,数据分析与运营,本科,3-5年,6k-10k,上海,50-150人,A轮,员工餐 年度体检 免费零食 不打卡,1天前发布
深圳市中手游网络科技有限公司,5804803,sz-数据分析师,本科,3-5年,10k-20k,深圳,500-2000人,上市公司,平台大、福利多、牛人多,1天前发布
飞友科技有限公司,5801427,民航服务-数据分析师,本科,5-10年,9k-16k,合肥,150-500人,A轮,"年度旅游,周末双休,年度奖金,六险一金",1天前发布
杭州有盾网络科技有限公司,4527714,数据建模专家/数据分析师,本科,3-5年,15k-30k,杭州,50-150人,不需要融资,"五险一金,晋升空间,年终奖金,周末双休",1天前发布
腾讯科技（深圳）有限公司,5614359,29912-数据分析-运营开发,本科,1-3年,20k-40k,深圳,2000人以上,上市公司,平台大,1天前发布
上海腾梭科技有限公司,5754290,高级风险建模 / 数据分析师,本科,1-3年,16k-30k,深圳,150-500人,A轮,六险一金，扁平管理，快速成长，大神助力,1天前发布
西安亚购信息科技有限公司,2353221,数据分析员,大专,1-3年,4k-8k,西安,50-150人,A轮,十三薪；五险一金；出国机会；弹性工作,3天前发布
广州数说故事信息科技有限公司,4112258,数据分析师,本科,1-3年,8k-15k,广州,150-500人,B轮,"高速发展,领导好,氛围好,业务导向",1天前发布
任买科技（北京）有限公司,5939876,数据分析师DA,本科,1-3年,15k-25k,北京,2000人以上,不需要融资,详见公司福利,1天前发布
广州荔支网络技术有限公司,5746399,数据分析工程师 (MJ000239),本科,不限,15k-30k,广州,500-2000人,D轮及以上,技术大牛多 领导nice 薪酬福利好,1天前发布
上海寻梦信息技术有限公司,5498427,数据分析师（社交方向）,本科,1-3年,20k-40k,上海,2000人以上,上市公司,福利待遇、发展前景、技术大牛,2019/5/14
中和农信项目管理有限公司,5460162,数据分析工程师,本科,5-10年,13k-15k,长沙,2000人以上,不需要融资,"六险一金,带薪年假,广阔平台,工作餐",1天前发布
百度在线网络技术（北京）有限公司,5884452,数据分析工程师,本科,5-10年,30k-60k,北京,2000人以上,不需要融资,空间大、AI、智能硬件,1天前发布
广州哆啦科技有限公司,5756631,数据分析工程师,本科,3-5年,15k-30k,广州,2000人以上,C轮,期权激励 绩效奖金 扁平管理 五险一金,1天前发布
广州力挚网络科技有限公司,5081191,数据分析师工程师,本科,3-5年,8k-14k,广州,500-2000人,C轮,"五险一金,年度旅游,交通补贴,健身房",1天前发布
上海瑞阙文化发展有限公司,5552338,数据分析工程师,本科,5-10年,25k-40k,上海,150-500人,不需要融资,海外旅游 半年奖金 区块链,1天前发布
爱海企业管理咨询（上海）有限公司,5129616,数据分析工程师,本科,不限,10k-18k,上海,500-2000人,B轮,"发展好,福利好,氛围好,环境好",1天前发布
北京木瓜移动科技股份有限公司,5758190,数据分析工程师,本科,1年以下,10k-15k,北京,150-500人,B轮,团队大牛多，工作氛围好，年底双薪,1天前发布
北京高域海汇科技有限公司,5455872,数据分析工程师,本科,1-3年,15k-25k,北京,150-500人,不需要融资,"核心业务,上升空间,行业大牛",1天前发布
国铁吉讯科技有限公司,5533108,数据分析工程师,本科,3-5年,15k-25k,杭州,150-500人,不需要融资,"五险一金,绩效奖金,带薪年假,岗位晋升",1天前发布
上海合合信息科技发展有限公司,5864576,数据分析工程师,本科,1-3年,10k-15k,上海,150-500人,C轮,五险一金 扁平化管理,1天前发布
北京达佳互联信息技术有限公司,5759867,数据分析师（流媒体方向）,本科,1-3年,20k-40k,北京,2000人以上,D轮及以上,大平台、数据量大、团队福利好,2019/5/8
北京千橡网景科技发展有限公司,5697163,数据分析工程师,本科,1-3年,12k-20k,北京,2000人以上,上市公司,大牛云集、季度奖金、弹性上班、班车,1天前发布
北京世纪好未来教育科技有限公司,5943812,好未来 数据分析师,本科,3-5年,20k-40k,北京,2000人以上,上市公司,上市公司；免费晚餐；免费水果零食,1天前发布
圆通速递有限公司,5555143,数据分析工程师,本科,1-3年,12k-20k,上海,2000人以上,上市公司,大平台，福利佳，上市公司,1天前发布
同程网络科技股份有限公司,5864090,数据分析工程师,本科,3-5年,12k-24k,北京,2000人以上,上市公司,"核心业务,培训完善,优秀团队",1天前发布
万翼科技有限公司,5463328,数据分析工程师,本科,3-5年,18k-30k,深圳,2000人以上,上市公司,"世界五百强,地产龙头企,薪资福利佳。",1天前发布
深圳市加满分科技有限公司,5909068,数据分析工程师,本科,3-5年,20k-30k,深圳,50-150人,不需要融资,福利待遇好，前景发展好,1天前发布
北京字节跳动科技有限公司,5298966,销售支持实习生-数据分析,本科,不限,2k-3k,南京,2000人以上,C轮,餐补，扁平管理，过亿用户，职业大牛,2天前发布
上海翡翠东方网络信息技术有限公司,5750230,数据分析工程师,不限,3-5年,18k-30k,广州,15-50人,不需要融资,数据分析,1天前发布
中通服创发科技有限责任公司,3328788,数据分析工程师,本科,3-5年,8k-15k,长沙,150-500人,上市公司,一切皆可能,1天前发布
北京智胜新格科技有限公司,4655038,产品运营-数据分析方向,本科,1-3年,8k-15k,北京,150-500人,不需要融资,"六险一金,绩效奖金,节日福利,按摩椅",1天前发布
武汉点智科技有限公司,5826170,运营专员-数据分析方向,本科,1-3年,6k-8k,武汉,150-500人,B轮,五险一金绩效全勤年终奖,1天前发布
成都航语网络科技有限公司,5501012,数据分析工程师,本科,3-5年,25k-50k,南京,15-50人,不需要融资,五险一金 带薪年假 周末双休 出差补贴,1天前发布
北京金堤科技有限公司,5771866,增长黑客-数据分析方向,不限,不限,25k-50k,北京,150-500人,A轮,"精湛的团队,超牛的技术,超棒的领导",1天前发布
北京三快在线科技有限公司,5862070,【外卖】产品运营-数据分析方向,本科,3-5年,15k-30k,北京,2000人以上,上市公司,发展空间大,1天前发布
平安科技（深圳）有限公司,5712156,11219N-(CW)资深数据分析师,本科,5-10年,15k-30k,深圳,2000人以上,不需要融资,"五险一金,绩效奖金,带薪年假,定期体检",00:00发布
北京嘉和美康信息技术有限公司,5190980,R语言数据分析师,硕士,1-3年,15k-28k,北京,500-2000人,C轮,"五险一金,带薪年假,定期体检,补充医疗",1天前发布
深圳市和讯华谷信息技术有限公司,3771241,售前数据分析师,本科,1-3年,10k-20k,深圳,500-2000人,上市公司,"大数据,D轮+,14薪+,弹性工作",1天前发布
上海永辉云创科技有限公司,5864318,数据分析师,本科,3-5年,25k-40k,上海,2000人以上,D轮及以上,待遇优、空间大、平台好,2019/5/17
平安科技（深圳）有限公司,5931644,1121GN-资深数据分析师,本科,5-10年,15k-25k,深圳,2000人以上,不需要融资,"五险一金,绩效奖金,带薪年假,定期体检",00:00发布
北京五八到家信息技术有限公司,5728692,数据分析师,本科,5-10年,20k-40k,北京,2000人以上,D轮及以上,"平台大,氛围好,不打卡,下午茶",2019/5/17
狮桥融资租赁（中国）有限公司,5818045,数据分析师,本科,1-3年,15k-25k,北京,2000人以上,不需要融资,"绩效奖金,节日福利,团队建设,生活补贴",2019/5/17
北京多知科技有限公司,5912689,数据分析师,本科,3-5年,15k-30k,北京,150-500人,D轮及以上,"周末双休,试用期全薪,节日福利,年底双薪",2019/5/17
北京大米未来科技有限公司,5792515,数据分析师,本科,1-3年,15k-25k,北京,2000人以上,D轮及以上,团队氛围好、发展空间大,2019/5/17
北京弘合柏基金融信息服务有限责任公司,5912620,数据分析师,本科,不限,15k-25k,北京,2000人以上,不需要融资,公司规模大 五险一金 发展空间大,2019/5/17
玖富金科控股集团有限责任公司,5691494,数据分析师,本科,5-10年,18k-30k,北京,2000人以上,D轮及以上,公司牛人多,2019/5/17
虎扑（上海）文化传播股份有限公司,5304999,数据分析师,本科,3-5年,20k-30k,上海,150-500人,D轮及以上,发展前景,2019/5/17
亿达信息技术（深圳）有限公司,5943583,数据分析师,本科,1-3年,8k-11k,深圳,2000人以上,不需要融资,六险一金，班车，年终奖，免费早餐,2019/5/16
凡普金科集团有限公司,5695464,数据分析师,本科,5-10年,20k-35k,北京,2000人以上,不需要融资,成熟的团队 轻松氛围,2019/5/16
国美控股集团有限公司,5900692,数据分析师,本科,3-5年,10k-20k,北京,2000人以上,不需要融资,14薪、带薪年假,2019/5/16
深圳前海达飞金融服务有限公司,5733985,数据分析师（评分卡）,本科,3-5年,12k-20k,深圳,500-2000人,D轮及以上,弹性上班 多多年假 新业务发展多,2019/5/16
北京捷越联合信息咨询有限公司,5859650,数据分析师,本科,1-3年,10k-15k,北京,2000人以上,不需要融资,五险一金 弹性打卡 绩效奖金 下午茶,2019/5/16
宝宝树（北京）信息技术有限公司,5126024,数据分析师(000471),本科,1-3年,20k-40k,北京,500-2000人,D轮及以上,"千万级用户,工作氛围好,发展空间大,试用",2019/5/15
北京趣拿软件科技有限公司,5935619,数据分析师,大专,1-3年,5k-8k,武汉,2000人以上,不需要融资,弹性时间 周末双休 五险一金,2019/5/15
北京五八到家信息技术有限公司,5444468,数据分析师,本科,3-5年,20k-40k,北京,2000人以上,D轮及以上,"平台大,氛围好,不打卡,下午茶",2019/5/17
玖富金科控股集团有限责任公司,5944929,数据分析师,本科,不限,15k-28k,北京,2000人以上,D轮及以上,公司牛人多,2019/5/17
虎扑（上海）文化传播股份有限公司,5864484,数据分析师（小回音APP）,本科,3-5年,10k-20k,上海,150-500人,D轮及以上,"弹性工作,节日福利,五险一金,免费晚餐",2019/5/17
深圳前海达飞金融服务有限公司,5758103,数据分析师（经营管理）,本科,1-3年,8k-15k,深圳,500-2000人,D轮及以上,弹性上班 多多年假 新业务发展多,2019/5/16
达疆网络科技（上海）有限公司,5828609,数据分析师,本科,3-5年,20k-30k,北京,2000人以上,D轮及以上,成长快、氛围好、领导好,2019/5/15
上海亚朵商业管理（集团）股份有限公司,5456635,数据分析师,本科,3-5年,20k-25k,上海,2000人以上,不需要融资,氛围好 有前景 下午茶 节日礼物,2019/5/15
中国信息通信研究院,5906824,数据分析师SXG10,本科,1-3年,8k-10k,北京,2000人以上,不需要融资,"发展空间大,工作氛围好,各种团建",2019/5/15
深圳市瑞宝麟财富投资管理有限公司,5237655,数据分析,本科,1-3年,10k-15k,深圳,2000人以上,不需要融资,"氛围好,晋升空间大",2019/5/14
深圳前海联动云汽车租赁有限公司,5298474,数据分析师,本科,1-3年,7k-14k,深圳,2000人以上,不需要融资,共享汽车 风口行业 食堂 健身房,2019/5/14
青岛国信城市信息科技有限公司,5523541,数据分析,本科,1-3年,10k-20k,青岛,2000人以上,不需要融资,从0-1，市级便捷支付平台,2019/5/14
北京易盟天地信息技术股份有限公司,5872770,数据分析师,本科,5-10年,20k-40k,北京,500-2000人,D轮及以上,待遇好，福利好,2019/5/14
鼎捷软件股份有限公司,5437620,数据分析工程师(帆软报表）,本科,1-3年,7k-10k,南京,2000人以上,上市公司,五险一金全，各项补充福利,1天前发布
广州一智通供应链管理有限公司,4938689,数据分析师/高级数据专员,本科,1-3年,8k-10k,广州,150-500人,B轮,"公司发展快,平台好,地铁附近,氛围优",3天前发布
中信百信银行股份有限公司,5805757,数据分析师,本科,3-5年,20k-30k,北京,150-500人,不需要融资,工作独立创新、薪酬待遇优厚可谈,2019/5/17
北京阿博茨科技有限公司,5830151,数据分析 (MJ000141),不限,1-3年,9k-14k,南京,150-500人,B轮,"人工智能,金融,数据分析,技术驱动",2019/5/17
北京五八到家信息技术有限公司,5918777,数据分析,本科,3-5年,10k-15k,长沙,2000人以上,D轮及以上,独角兽公司，平台大，福利好,2019/5/17
北京读我科技有限公司,5792361,数据分析师(J10380),本科,3-5年,15k-30k,北京,500-2000人,C轮,餐补房补，发展空间大，大牛多,2019/5/17
上海西井信息科技有限公司,5848085,数据分析师,硕士,不限,18k-25k,上海,50-150人,B轮,"发展平台,激发潜力,一线福利,团队有爱",2019/5/17
北京掌众科技有限公司,5933825,数据分析师,本科,1-3年,15k-18k,北京,500-2000人,C轮,班车，五险一金，发展平台，福利待遇优厚,2019/5/17
北京网信金服信息科技有限公司,5896736,数据分析师（数据产品方向）,本科,3-5年,15k-25k,北京,500-2000人,不需要融资,"五险一金,补充医疗,餐补,水果下午茶",2019/5/17
上海易娱网络科技有限公司广州分公司,5696787,数据分析,本科,1-3年,8k-12k,广州,150-500人,不需要融资,热门游戏，流行文化,2019/5/17
北京瓴岳信息技术有限公司,5545140,数据分析师,本科,1-3年,15k-25k,北京,150-500人,不需要融资,科技驱动 年度旅游 弹性工作 福利充足,2019/5/17
广州希音供应链管理有限公司,5827928,数据分析师（服装QC/QA） (MJ000855),大专,3-5年,8k-15k,广州,2000人以上,C轮,"双休,调薪机会,五险一金,节假日福利",2019/5/17
北京车托帮网络技术有限公司,5944713,数据分析师,本科,3-5年,10k-20k,北京,50-150人,C轮,互联网大咖近距离接触，了解行业最前沿技术,2019/5/16
深圳市百果互动科技有限公司,5781438,数据分析师,本科,5-10年,10k-20k,深圳,150-500人,B轮,五险一金 五天七小时 调薪机制,2019/5/16
紫梧桐（北京）资产管理有限公司,5472304,数据分析,本科,1-3年,8k-15k,北京,2000人以上,C轮,地铁周边 弹性工作 老板Nice,2019/5/16
广东联邦车网科技股份有限公司,5265178,数据分析师,本科,3-5年,7k-12k,广州,150-500人,不需要融资,周末双休、晋升空间大、五险一金、福利好,2019/5/16
上海微知软件科技有限公司,5868704,数据分析师,本科,3-5年,15k-25k,上海,150-500人,B轮,B轮融资 扁平化管理 企业服务平台,2019/5/16
上海纵游网络技术有限公司,5928261,数据分析师,本科,不限,10k-20k,上海,150-500人,不需要融资,有竞争力的薪资；发展空间大,2019/5/16
国泰财产保险有限责任公司,5301241,数据分析师,本科,3-5年,20k-30k,上海,500-2000人,不需要融资,蚂蚁控股 互联网保险,2019/5/16
北京读我科技有限公司,5792476,数据分析师(J10380),本科,3-5年,15k-30k,北京,500-2000人,C轮,餐补房补，发展空间大，大牛多,2019/5/17
北京瓴岳信息技术有限公司,5927578,数据分析师,本科,1-3年,15k-25k,北京,150-500人,不需要融资,科技驱动；午餐晚餐；六险一金；地铁周边,2019/5/17
广州趣丸网络科技有限公司,5856547,数据分析师,本科,不限,10k-20k,广州,150-500人,不需要融资,双休、包三餐、互联网、非996,2019/5/16
东莞市糖酒集团美宜佳便利店有限公司,5472091,数据分析师,本科,1-3年,7k-9k,苏州,500-2000人,不需要融资,管理人性化 福利待遇优,2019/5/16
上海氪信信息技术有限公司,5778984,数据分析师（深圳）,本科,不限,10k-20k,深圳,50-150人,B轮,精英团队，弹性工作，超长年假，福利优厚,2019/5/16
北京慢点生活科技有限公司,5883451,数据分析师,本科,3-5年,15k-25k,北京,50-150人,B轮,"弹性工作,出海产品,挑战大,海量数据",2019/5/16
哈步数据科技（上海）有限公司,4341361,数据分析师,本科,1-3年,10k-20k,上海,50-150人,B轮,"发展空间大,弹性工作,福利好,管理扁平",2019/5/16
上海鸿研物流技术有限公司,5371833,数据分析师,本科,3-5年,20k-25k,上海,150-500人,C轮,大牛带队 项目奖励 组织扁平,2019/5/16
上海连享商务咨询有限公司,5887482,数据分析师,本科,1-3年,10k-20k,上海,150-500人,B轮,环境佳 福利好 发展空间大,2019/5/16
四川新网银行股份有限公司,4117345,数据分析师,本科,5-10年,15k-30k,成都,150-500人,不需要融资,"互联网银行,互联网金融,大平台",2019/5/15
浙江网新恩普软件有限公司,5804561,大数据分析师,大专,3-5年,15k-20k,杭州,500-2000人,上市公司,大项目 大数据,2019/5/15
杭州微易信息科技有限公司,4910076,数据分析师,本科,1-3年,8k-15k,杭州,150-500人,B轮,"提升空间大,六险一金,周末双休,弹性时间",2019/5/15
微民保险代理有限公司,5806135,数据分析师,本科,1-3年,10k-20k,深圳,150-500人,不需要融资,腾讯控股公司、不需要融资,2019/5/15
乐学在线教育科技（北京）有限公司,5784690,数据分析 (MJ000149),不限,不限,15k-25k,北京,500-2000人,B轮,五险一金、餐补、节日福利,2019/5/15
中冶赛迪重庆信息技术有限公司,5622525,数据分析师,本科,1-3年,6k-12k,重庆,500-2000人,不需要融资,世界500强央企 大平台,2019/5/15
北京瓴岳信息技术有限公司,5929823,数据分析师（模型）,本科,1-3年,15k-30k,北京,150-500人,不需要融资,稳定平台；弹性上班；福利待遇好；成长快,2019/5/17
上海氪信信息技术有限公司,5823708,数据分析师（北京）,本科,不限,10k-20k,北京,50-150人,B轮,精英团队，弹性工作，超长年假，福利优厚,2019/5/16
哈步数据科技（上海）有限公司,5729645,数据分析师（广州/深圳）,本科,3-5年,8k-15k,广州,50-150人,B轮,外资高管团队；公司文化好；已获多轮融资,2019/5/16
北京读我科技有限公司,5767598,数据分析师(J10367),本科,3-5年,20k-35k,北京,500-2000人,C轮,餐补房补+试用期全薪+足够的上升空间,2019/5/14
乐元素科技（北京）股份有限公司,5927298,数据分析师,本科,3-5年,20k-35k,上海,500-2000人,不需要融资,一流的休闲社交游戏研发团队,2019/5/14
深圳市房多多网络科技有限公司,5927183,数据分析师,硕士,1-3年,15k-25k,深圳,2000人以上,C轮,五险一金、年终奖、补充商业保险、、,2019/5/14
上海壹佰米网络科技有限公司,5858880,数据分析师,本科,3-5年,15k-30k,上海,2000人以上,B轮,"学习型团队,自由开放",2019/5/14
杭州有赞科技有限公司,5399762,资深数据分析师,本科,3-5年,18k-32k,杭州,2000人以上,上市公司,发展空间大、福利待遇好,1天前发布
北京至上泽思信息技术有限公司,5482819,初级数据分析师-数据分析与建模方向,本科,3-5年,20k-40k,上海,50-150人,未融资,"五险一金,补充医疗,节日福利,带薪年假",1天前发布
杭州观数信息科技有限公司,4490433,解决方案顾问/售前顾问 / 数据分析师,本科,3-5年,15k-30k,上海,50-150人,A轮,"成长空间,牛人团队,独挡一面,期权激励",1天前发布
车好多旧机动车经纪（北京）有限公司,5909256,资深数据分析师,本科,不限,20k-40k,北京,2000人以上,D轮及以上,六险一金 期权,1天前发布
广州悦跑信息科技有限公司,5864383,中级数据分析师,本科,3-5年,10k-18k,广州,150-500人,C轮,周末双休 工作氛围好 六险一金,1天前发布
上海阑途信息技术有限公司,5388135,资深数据分析师,本科,5-10年,25k-30k,上海,2000人以上,D轮及以上,扁平化管理,1天前发布
思凯思特（北京）科技有限公司,5718568,数据分析/量化/模型实习生,硕士,不限,5k-7k,北京,150-500人,上市公司,上市公司，培训生，转正机会,1天前发布
上海钧正网络科技有限公司,5249910,业务数据分析,本科,5-10年,20k-35k,上海,2000人以上,D轮及以上,"领导好,平台优",1天前发布
思凯思特（北京）科技有限公司,5718599,数据分析/量化/模型实习生,硕士,不限,5k-7k,上海,150-500人,上市公司,上市公司，培训生，转正机会,1天前发布
车好多旧机动车经纪（北京）有限公司,5923823,商业化数据分析师,本科,不限,20k-40k,北京,2000人以上,D轮及以上,平台大，发展空间大,1天前发布
卓尔智联集团有限公司,5600546,HB-数据分析师-南京,本科,1-3年,6k-12k,南京,2000人以上,上市公司,上市公司 500强 五险一金,1天前发布
灯塔财经信息有限公司,5037237,数据分析师,本科,1-3年,3k-6k,武汉,50-150人,不需要融资,"发展空间好,薪酬福利好,文化氛围好,人性化制度",2019/5/17
即科金融信息服务（上海）有限公司,5338478,数据分析师,本科,3-5年,15k-25k,上海,150-500人,A轮,高速发展 精英团队 大牛带路,2019/5/17
达内时代科技集团有限公司,5762458,数据分析师,本科,1-3年,10k-20k,北京,2000人以上,上市公司,上升空间 专业团队,2019/5/17
杭州脸脸会网络技术有限公司,5936045,数据分析师,大专,3-5年,8k-10k,杭州,150-500人,A轮,发展平台 领导牛 产品牛 期权激励,2019/5/17
杭州微拍堂文化创意有限公司,5767142,数据分析师,大专,3-5年,15k-25k,杭州,150-500人,A轮,"六险一金,餐饮补贴,双休,出国旅游",2019/5/17
珠海市卓轩科技有限公司,5626182,数据分析师,本科,1-3年,12k-20k,深圳,50-150人,A轮,大数据,2019/5/17
浙江创邻科技有限公司,5458590,数据分析师,本科,不限,8k-16k,杭州,15-50人,A轮,"自主性强,灵活工作时,氛围好，前景佳",2019/5/17
苏州瑞鹏信息技术有限公司,5316172,数据分析师,硕士,1-3年,12k-24k,苏州,50-150人,不需要融资,高速发展公司 大牛团队,2019/5/17
风变科技（深圳）有限公司,5021443,数据分析师,硕士,1-3年,10k-15k,深圳,150-500人,A轮,驱动开发，团队年轻，牛人指导,2019/5/16
北京清帆科技有限公司,4734246,数据分析师,硕士,1-3年,10k-20k,北京,15-50人,A轮,"期权激励,晋升空间大,优秀团队,蓝海领域",2019/5/16
广州小黑屋科技有限公司,4774800,数据分析,本科,1-3年,6k-12k,广州,50-150人,A轮,"五险一金,不打卡,年终奖",2019/5/16
成都讯格得信息科技有限公司,5701380,数据分析,硕士,不限,12k-20k,成都,50-150人,不需要融资,五险一金、国定假期、每周水果、休息室,2019/5/16
思凯思特（北京）科技有限公司,3606515,数据分析师,本科,不限,15k-30k,北京,150-500人,上市公司,"五险一金,弹性工作,工作居住证,商业医疗",2019/5/17
北京三快在线科技有限公司,5864494,数据分析师（业务支持）,本科,1-3年,10k-15k,北京,2000人以上,上市公司,大平台 成长快,2019/5/16
天津市神州商龙科技股份有限公司,2413373,数据分析师,本科,3-5年,10k-15k,天津,500-2000人,上市公司,"五险一金,双休,弹性工时,年底双薪",2019/5/16
贵阳高登世德金融科技有限公司,5940087,数据分析师,本科,1-3年,8k-15k,北京,50-150人,A轮,专业培训，上升空间，周末双休，五险一金,2019/5/16
上海流利说信息技术有限公司,5295267,数据分析,本科,3-5年,20k-40k,上海,2000人以上,上市公司,上市公司,2019/5/15
北京百观科技有限公司,4617403,数据分析师,本科,1-3年,15k-25k,北京,15-50人,A轮,"超棒团队,福利待遇好,高成长空间",2019/5/15
杭州恩牛网络技术有限公司,5937522,数据分析师,本科,1-3年,11k-22k,杭州,500-2000人,上市公司,福利待遇、发展前景、上市公司、定期团建等,2019/5/15
上海宝尊电子商务有限公司,5835712,数据分析师,不限,1-3年,8k-10k,上海,2000人以上,上市公司,六险一金上市公司加班补贴 绩效奖金全勤奖,2019/5/15
上海百事通信息技术股份有限公司,5385860,数据分析,本科,1-3年,8k-13k,广州,500-2000人,上市公司,上市公司 专业培训 定期体检,2019/5/15
北京萌宝科技有限公司,5286804,数据分析师,本科,3-5年,15k-30k,北京,50-150人,不需要融资,六险一金，周末双休,2019/5/14
北京自如友家资产管理有限公司,5918600,数据分析,本科,不限,6k-10k,上海,2000人以上,A轮,行业前景佳 职位发展快,2019/5/14
人人贷商务顾问（北京）有限公司,5155283,数据分析师（贷后）,本科,3-5年,25k-40k,北京,2000人以上,A轮,"培训体系,互金行业,合规第一,发展空间大",2019/5/14
上海金大师互联网金融信息服务有限公司,5931421,数据分析师,本科,1-3年,8k-15k,上海,500-2000人,上市公司,高薪+晋升职位=你的职业生涯，六险一金,2019/5/14
深圳妈妈资本管理有限公司,2783123,数据分析师,本科,1-3年,15k-30k,深圳,50-150人,A轮,有牛人,2019/5/14
上海哔哩哔哩科技有限公司,5832094,数据分析（生态运营） (MJ000121),本科,1-3年,15k-30k,上海,2000人以上,上市公司,二次元，六险一金,2019/5/14
随行付支付有限公司,5928986,数据分析师(J10129),本科,3-5年,15k-25k,北京,500-2000人,上市公司,六险一金 班车接送 双休,2019/5/14
平安科技（深圳）有限公司,5628589,11217R-高级数据分析师（GBD）,硕士,3-5年,15k-30k,上海,2000人以上,不需要融资,"五险一金,绩效奖金,加班补助,交通补助",00:00发布
广州市百果园网络科技有限公司,5349225,高级数据分析师（广州）,本科,3-5年,25k-50k,广州,500-2000人,D轮及以上,年底双薪、年终奖、住房补贴、全勤奖,1天前发布
珠海市碧桂园管理服务有限公司,5955504,零售数据分析师,本科,1年以下,8k-15k,佛山,2000人以上,不需要融资,500强企业 发展好,1天前发布
北京至上泽思信息技术有限公司,5482800,初级数据分析师,本科,1-3年,20k-40k,北京,50-150人,未融资,"五险一金,补充医疗,节日福利,带薪年假",1天前发布
蝴蝶互动（上海）信息技术有限公司,5926328,资深数据分析师,本科,1-3年,15k-25k,上海,150-500人,C轮,免费下午茶、13薪、加班补贴、项目奖金,1天前发布
广州小鹏汽车科技有限公司,5857878,资深数据分析师,本科,3-5年,15k-25k,北京,2000人以上,B轮,发展空间大，年底双薪，午餐补贴,1天前发布
人人贷商务顾问（北京）有限公司,5879830,初级数据分析师,本科,1-3年,10k-15k,北京,2000人以上,A轮,"独角兽企业,团队年轻,发展空间,14薪",1天前发布
广州市巴图鲁信息科技有限公司,5873435,业务数据分析师,本科,1-3年,8k-16k,广州,500-2000人,C轮,五险一金；带薪假期；绩效奖金；双休,1天前发布
上海触乐信息科技有限公司,5917995,数据分析Leader,本科,3-5年,20k-40k,广州,500-2000人,上市公司,美股上市公司，团队牛人多,1天前发布
上海婚家婴会展服务有限公司成都分公司,5908425,资深数据分析师,本科,3-5年,20k-35k,杭州,500-2000人,不需要融资,"周末双休,五险一金,弹性工作",1天前发布
苏州瑞小云信息科技有限公司,5598817,数据分析师,本科,3-5年,15k-25k,苏州,15-50人,不需要融资,五险一金、绩效奖金、年终多薪、年度旅游。,2019/5/17
深圳闪电修网络科技有限公司,5921898,数据分析专员,本科,1-3年,6k-8k,深圳,50-150人,A轮,团队优秀,1天前发布
杭州多准数据技术有限公司,5673904,资深数据分析师,本科,3-5年,15k-25k,杭州,50-150人,A轮,六险一金、境内外旅游、带薪年假、培训发展,1天前发布
上海淡红金融科技有限公司,4501681,数据分析主管,本科,3-5年,20k-35k,上海,500-2000人,B轮,"大咖云集,福利好,做五休二,年终奖",1天前发布
上海瑞阙文化发展有限公司,5797680,数据分析主管（客服部门）,本科,5-10年,15k-20k,上海,150-500人,不需要融资,"五险一金,弹性工作,带薪病假,免费晚餐",1天前发布
上海阑途信息技术有限公司,3807239,资深数据分析师,本科,5-10年,10k-20k,武汉,2000人以上,D轮及以上,"一年多次调,优秀团队,地铁周边",1天前发布
广州市巴图鲁信息科技有限公司,5540383,数据分析主管,本科,5-10年,16k-23k,广州,500-2000人,C轮,五险一金；带薪假期；,1天前发布
天津美维信息技术有限公司成都分公司,5364140,数据分析专员,本科,3-5年,8k-15k,成都,500-2000人,D轮及以上,双休 五险一金 绩效奖金 餐补 晋升空间,1天前发布
智道网联科技（北京）有限公司,5279419,资深数据分析师,本科,5-10年,25k-50k,北京,150-500人,A轮,弹性工作,1天前发布
深圳市盛达瑞智能科技有限公司,5920111,数据分析主管,本科,3-5年,15k-30k,深圳,150-500人,不需要融资,5天7小时 扁平化管理,1天前发布
广州伊的家网络科技有限公司,5950338,数据分析工程师,本科,1-3年,8k-14k,广州,2000人以上,不需要融资,"专项奖金,自驱型团队,环境高大上",3天前发布
北京北大软件工程股份有限公司,5469579,大数据分析师,本科,1-3年,15k-30k,北京,500-2000人,未融资,北大；五险一金；积累经验；平台大,2019/5/16
平安养老保险股份有限公司,5797373,08215W-数据分析开发工程师,本科,3-5年,15k-30k,上海,2000人以上,上市公司,"五险一金,绩效奖金,带薪年假,定期体检",00:00发布
贝天姆网络科技（杭州）有限公司,5727782,数据分析专家,本科,5-10年,20k-35k,北京,2000人以上,不需要融资,技术硬，环境佳，近地铁，独角兽背景,1天前发布
深圳市和讯华谷信息技术有限公司,5726171,数据分析主管,本科,3-5年,25k-35k,深圳,500-2000人,上市公司,"五险一金,奖金丰厚,福利多多,定期体检",1天前发布
广东健客医药有限公司,5922737,数据分析专员,本科,1-3年,8k-15k,北京,500-2000人,B轮,"高薪,技术大牛,弹性工作,扁平化管理",1天前发布
北京自如友家资产管理有限公司,5896328,数据分析主管,本科,3-5年,15k-25k,北京,2000人以上,A轮,租房优惠 六险一金 绩效奖金 免费体检,1天前发布
湖北盛天网络技术股份有限公司,5757244,数据分析主管,本科,5-10年,15k-20k,武汉,500-2000人,上市公司,福利好 发展快,1天前发布
北京五八到家信息技术有限公司,5919033,数据分析专家,本科,5-10年,18k-35k,北京,2000人以上,D轮及以上,发展前景好 空间广阔,1天前发布
