公司全名,公司简称,公司规模,融资阶段,区域,职位名称,工作经验,学历要求,工资,职位福利
北京汇游科技有限公司,汇游科技,15-50人,不需要融资,朝阳区,python开发工程师,3-5年,本科,15k-20k,"五险一金,全勤奖,餐补,带薪年假"
北京数美时代科技有限公司,数美,150-500人,B轮,朝阳区,python研发工程师,应届毕业生,本科,10k-20k,"快速发展,人工智能,大数据,待遇好"
北京思维造物信息科技有限公司,罗辑思维,150-500人,D轮及以上,朝阳区,python开发工程师（安全方向）,3-5年,本科,25k-50k,六险一金 年度体检 企业医生 弹性工作
智线云科技（北京）有限公司,ZingFront智线,50-150人,A轮,朝阳区,高级Python工程师,3-5年,本科,15k-25k,"带薪年假,福利多,办公环境好,团队氛围好"
北京超盟数据科技有限公司,北京超盟数据科技有限公司,50-150人,A轮,朝阳区,python后端开发工程师,5-10年,本科,15k-25k,六险一金，周末双休，弹性考勤，发展空间大
北京奇安信科技有限公司,奇安信集团,2000人以上,不需要融资,朝阳区,Python大数据开发工程师,3-5年,本科,25k-45k,"股票期权,弹性工作,高并发系统,行业独角"
北京非凡维格科技有限公司,FlashTrip,15-50人,B轮,朝阳区,python开发,3-5年,本科,15k-25k,带薪年假；开放办公
北京道行思科技有限公司,寻牛,15-50人,B轮,东城区,python策略开发工程师,1-3年,本科,10k-15k,期货 期权 深度学习
北京富顺天牧科技有限公司,富顺天牧,15-50人,不需要融资,大兴区,Django 开发工程师,5-10年,不限,10k-15k,五险、法定假日、6日休
平安科技（深圳）有限公司,平安科技,2000人以上,不需要融资,朝阳区,11215N-Python开发工程师,3-5年,本科,15k-30k,"五险一金,带薪年假,节日福利,绩效奖金"
达而观信息科技（上海）有限公司,达观数据,150-500人,B轮,海淀区,高级python开发工程师,3-5年,本科,20k-30k,"大牛团队,技术领先,发展迅速,准独角兽"
北京启明合心科技有限公司,合心科技,50-150人,B轮,海淀区,Python开发工程师,1-3年,本科,20k-35k,"大数据处理,自由度大,有挑战,公司午晚餐"
北京凌云雀科技有限公司,灵雀云,150-500人,B轮,海淀区,Python,不限,本科,13k-25k,"前沿科技,靠谱团队,工程师文化,H1B计划"
北京快乐茄信息技术有限公司,茄子快传,150-500人,B轮,海淀区,python开发工程师,5-10年,本科,25k-50k,"行业独角兽,团队大牛多,薪资福利好"
北京阿博茨科技有限公司,阿博茨科技,150-500人,B轮,海淀区,PYTHON开发工程师 (MJ000126),1-3年,本科,15k-25k,金融科技 人工智能
智线云科技（北京）有限公司,ZingFront智线,50-150人,A轮,朝阳区,高级Python开发工程师／爬虫／Spider,3-5年,本科,15k-25k,"技术驱动,氛围自由,扁平管理,福利健全"
深圳市金证优智科技有限公司,金证优智,15-50人,A轮,海淀区,python开发工程师,3-5年,本科,15k-25k,带薪年假、餐补、季度团建、节日福利
北京博派通达科技有限公司,博派通达,50-150人,A轮,朝阳区,Python开发工程师（爬虫）,1-3年,大专,12k-20k,"地铁周边,超多大牛,免费茶歇,弹性工作"
北京势在必行网络科技有限公司,币信,50-150人,不需要融资,海淀区,python开发工程师,3-5年,本科,18k-35k,"年底双薪,午餐补助,休闲餐点,弹性工作"
北京金堤科技有限公司,天眼查,150-500人,A轮,海淀区,python开发工程师,不限,本科,15k-25k,公司业务好，技术氛围好
北京摩尔宝宝网络科技有限公司,摩尔妈妈,15-50人,A轮,朝阳区,python开发工程师,1-3年,本科,15k-25k,"大牛带队,注重成长,季度奖金,免费午餐"
北京赋乐科技有限公司,Flow++,50-150人,A轮,海淀区,python开发工程师,3-5年,本科,15k-25k,十四薪+七险一金+绩效金+下午茶+旅游
北京云杉智达科技有限公司,云杉智达科技,15-50人,不需要融资,朝阳区,Python 研发工程师,1-3年,本科,10k-20k,房补、午餐、每月团建经费、零食水果、年假
北京智胜新格科技有限公司,北京智胜新格科技有限...,150-500人,不需要融资,海淀区,Python开发,1-3年,本科,15k-30k,"六险一金,硅谷式办公,绩效奖金,按摩椅"
南京优玛软件科技有限公司,南京优玛软件科技有限公司,150-500人,未融资,石景山区,python开发工程师,3-5年,本科,12k-16k,补贴 团建 13薪
北京影谱科技股份有限公司,影谱科技,50-150人,上市公司,东城区,python开发工程师,3-5年,本科,15k-30k,七险一金，完善福利体系，领导nice，
上海迈外迪网络科技有限公司,迈外迪,150-500人,D轮及以上,朝阳区,python工程师（视觉产品创新中心）,1-3年,本科,10k-20k,交通便利，团队氛围好，有上升空间
生仝智能科技（北京）有限公司,生仝智能,15-50人,天使轮,大兴区,python工程师,不限,硕士,14k-20k,集团子公司，新成立团队，前景广阔，
北京流体网络科技有限公司,流体网络,50-150人,B轮,朝阳区,python开发工程师（广告系统）,3-5年,不限,20k-40k,福利待遇优厚 发展空间大 周末双休
北京微步在线科技有限公司,微步在线,50-150人,B轮,海淀区,python开发工程师,1-3年,本科,15k-30k,"期权激励,晋升空间,带薪年假,人文关怀"
北京博派通达科技有限公司,博派通达,50-150人,A轮,朝阳区,python 开发工程师,1-3年,大专,15k-30k,地铁周边，年终奖，五险一金，带薪休假
中寰卫星导航通信有限公司,中寰卫星,500-2000人,不需要融资,海淀区,python开发工程师,3-5年,本科,15k-30k,六险一金；免费体检；节日福利；免费班车
精硕科技（北京）股份有限公司,AdMaster,500-2000人,不需要融资,海淀区,python开发工程师(J10137),1-3年,不限,15k-25k,扁平管理 行业领先 氛围轻松
北京世纪好未来教育科技有限公司,好未来,2000人以上,上市公司,海淀区,python开发工程师,3-5年,不限,17k-30k,上市公司
北京逍遥志科技有限公司,逍遥志科技,15-50人,A轮,朝阳区,Python研发工程师,3-5年,本科,18k-25k,牛人多，氛围好，发展快
北京香侬慧语科技有限责任公司,香侬科技,50-150人,A轮,海淀区,python开发工程师,1-3年,本科,15k-20k,大牛带队、亿级融资、地铁周边、零食无限
爱笔（北京）智能科技有限公司,Aibee,150-500人,A轮,海淀区,Python开发工程师,3-5年,本科,20k-40k,"初创公司,技术驱动"
北京中电广通技术服务有限公司,中电广通,50-150人,不需要融资,朝阳区,Python开发工程师,3-5年,本科,10k-20k,"前沿技术,弹性工时,周末双休,五险一金"
北京云杉智达科技有限公司,云杉智达科技,15-50人,不需要融资,朝阳区,Django 研发工程师,1-3年,本科,10k-20k,房补、午餐、每月团建经费、零食水果、年假
高德软件有限公司,阿里巴巴-高德,2000人以上,上市公司,朝阳区,python高级工程师/开发专家,3-5年,本科,25k-50k,发展空间大
北京旷视科技有限公司,旷视MEGVII,500-2000人,D轮及以上,海淀区,高级python开发工程师,1-3年,本科,25k-50k,6险1金 超长假期
北京第三石科技发展有限公司,第三石科技,50-150人,B轮,朝阳区,python开发工程师,1-3年,本科,8k-16k,平台好 高精尖技术氛围
北京升鑫网络科技有限公司,青藤云安全,150-500人,B轮,海淀区,python研发工程师（算法方向）,3-5年,硕士,25k-35k,五险一金 不打卡 餐补 弹性工作
北京钱方银通科技有限公司,钱方好近,150-500人,B轮,朝阳区,python开发工程师,3-5年,本科,13k-26k,五险一金、双休、餐补
北京流体网络科技有限公司,流体网络,50-150人,B轮,朝阳区,Python开发工程师(推荐系统),3-5年,本科,12k-24k,薪资福利优厚
北京第三石科技发展有限公司,第三石科技,50-150人,B轮,朝阳区,Python开发工程师,3-5年,本科,15k-30k,"前沿技术,丰富下午茶,弹性工作,扁平管理"
朗新科技股份有限公司,朗新科技,2000人以上,上市公司,朝阳区,python开发工程师(J10519),不限,不限,15k-25k,节日福利五险一金交通补助带薪年假弹性工作
上海淇毓信息科技有限公司,奇虎360金融,500-2000人,上市公司,朝阳区,python开发工程师,5-10年,本科,20k-30k,上市公司，发展前景好
慧安金科（北京）科技有限公司,慧安金科,50-150人,A轮,海淀区,python开发工程师,3-5年,本科,25k-45k,"六险一金,期权,零食供应,免费三餐"
云孚科技（北京）有限公司,云孚科技,15-50人,不需要融资,海淀区,Python研发工程师,不限,本科,5k-10k,"大牛直接带,顶级挑战,高速成长"
北京特拉库塔科技有限公司,大地量子,15-50人,天使轮,朝阳区,软件工程师-Python,1-3年,本科,15k-28k,大牛团队，股票期权，学术氛围浓厚
北京悦慧康科技有限公司,悦慧康,50-150人,未融资,海淀区,Python开发工程师,1-3年,本科,12k-24k,六险一金 交通补贴 专业培训
北京中科物安科技有限公司,中科物安,15-50人,未融资,海淀区,python开发工程师,3-5年,本科,15k-25k,"发展空间大,五险一金,餐补,带薪年假"
北京微光果壳科技有限公司,微壳,150-500人,不需要融资,朝阳区,Python/Golang开发工程师,3-5年,本科,25k-40k,"Geek,16薪,海外旅游,六险一金"
北京明日虫洞科技有限公司,明日虫洞,50-150人,C轮,海淀区,Python,1-3年,本科,15k-30k,技术团队牛人多&nbsp;核心人员背景强&nbsp;福利好
百度在线网络技术（北京）有限公司,百度,2000人以上,不需要融资,海淀区,python开发工程师,3-5年,本科,20k-40k,――
优维科技（深圳）有限公司,优维科技,50-150人,B轮,朝阳区,Python开发-北京,1-3年,本科,10k-20k,"BAT系,年底奖金,氛围好"
北京神州绿盟信息安全科技股份有限公司,绿盟科技,500-2000人,上市公司,海淀区,实习-Python工程师,1年以下,本科,2k-4k,五险一金，周末双休
北京奇安信科技有限公司,奇安信集团,2000人以上,不需要融资,朝阳区,python开发,1-3年,本科,10k-20k,免费三餐 弹性工作制
北京推想科技有限公司,推想科技,150-500人,C轮,朝阳区,初级python工程师,1-3年,本科,13k-20k,"人工智能,团队年轻,年终奖丰厚"
云孚科技（北京）有限公司,云孚科技,15-50人,不需要融资,海淀区,python研发工程师,不限,本科,8k-16k,"人工智能,成长快,回报快,B2B"
北京狸米科技有限公司,狸米科技,500-2000人,B轮,朝阳区,python,3-5年,本科,20k-30k,"领导奶思,管理扁平,团队年轻,发展空间大"
乐飞天下信息技术(北京)有限公司,乐飞天下,150-500人,未融资,朝阳区,中级Python开发工程师（AK）,5-10年,大专,15k-25k,五险一金 带薪假 海外旅游 节假福利
北京超盟数据科技有限公司,北京超盟数据科技有限公司,50-150人,A轮,朝阳区,中级python开发工程师,3-5年,本科,15k-25k,六险一金，周末双休，弹性考勤，发展空间大
北京推想科技有限公司,推想科技,150-500人,C轮,朝阳区,高级python开发工程师,5-10年,本科,20k-40k,不打卡，领导nice
掌阅科技股份有限公司,掌阅,500-2000人,上市公司,朝阳区,高级Python研发工程师,3-5年,本科,22k-35k,"千万级用户,高并发系统"
北京摩尔宝宝网络科技有限公司,摩尔妈妈,15-50人,A轮,朝阳区,高级python开发工程师,3-5年,本科,30k-40k,"大牛带队,注重成长,季度奖金,免费午餐"
北京智分科技有限公司,NewsJet,50-150人,不需要融资,海淀区,高级Python开发工程师,3-5年,本科,25k-45k,"Geek范,清华系,福利待遇好,股票期权"
北京格灵深瞳信息技术有限公司,格灵深瞳,150-500人,C轮,海淀区,Python高级开发工程师&nbsp;,3-5年,本科,20k-40k,"扁平化管理,不定期团建"
北京步鼎方舟科技有限公司,微车,150-500人,C轮,海淀区,Python高级开发工程师,5-10年,本科,20k-40k,"六险一金,通讯补贴,带薪年假"
北京右划网络科技有限公司,V8实拍,150-500人,B轮,朝阳区,高级python开发工程师,3-5年,本科,30k-60k,"短视频,大牛云集,工程师文化,一年15薪"
北京瑞莱智慧科技有限公司,RealAI,15-50人,天使轮,海淀区,资深Python工程师,不限,本科,18k-36k,"大牛带队,扁平化管理,弹性工作,高日薪"
北京无极慧通科技有限公司,无极慧通,50-150人,A轮,海淀区,高级python开发工程师,1-3年,本科,10k-15k,"广阔的发展,创业公司,融洽的办公"
北京新工场投资顾问有限公司,她理财,50-150人,A轮,朝阳区,高级python开发工程师,1-3年,本科,15k-30k,互联网金融 无天花板 六险一金 期权激励
北京逍遥志科技有限公司,逍遥志科技,15-50人,A轮,朝阳区,高级Python研发工程师,5-10年,本科,25k-50k,牛人多，氛围好，发展快
乐飞天下信息技术(北京)有限公司,乐飞天下,150-500人,未融资,朝阳区,python高级研发工程师,5-10年,大专,20k-35k,"绩效奖金,员工旅游,带薪年假,股票期权"
北京高鸿兴科信息技术有限公司武汉分公司,高鸿兴科,50-150人,不需要融资,海淀区,高级python开发工程师,5-10年,本科,14k-17k,"福利健全,外包岗,五险一金"
飞维美地信息技术（北京）有限公司,FreeWheel,500-2000人,上市公司,朝阳区,Lead Go/Python/Java工程师,5-10年,本科,35k-45k,"美资互联网,技术导向,英文环境,硅谷文化"
北京国双科技有限公司,Gridsum 国双,500-2000人,上市公司,海淀区,资深Python研发工程师,5-10年,本科,25k-40k,"上市公司,六险一金,发挥空间,团队氛围"
北京旷视科技有限公司,旷视MEGVII,500-2000人,D轮及以上,海淀区,Python后端开发工程师,3-5年,本科,25k-50k,大牛多，技术氛围好
北京云杉智达科技有限公司,云杉智达科技,15-50人,不需要融资,朝阳区,高级 Python 研发工程师/方向负责人,3-5年,本科,20k-35k,房补、午餐、每月团建经费、零食水果、年假
北京第三石科技发展有限公司,第三石科技,50-150人,B轮,朝阳区,高级Python开发工程师,5-10年,本科,25k-40k,"前沿技术,弹性工作,丰富下午茶"
北京世纪好未来教育科技有限公司,好未来,2000人以上,上市公司,海淀区,Python开发leader,3-5年,本科,18k-30k,上市公司；免费晚餐；打车报销；六险一金
北京推想科技有限公司,推想科技,150-500人,C轮,朝阳区,python开发实习生 (MJ000270),不限,本科,4k-8k,大牛带队，人工智能
北京一人一亩田网络科技有限公司,一亩田,150-500人,C轮,海淀区,Python后端研发工程师,3-5年,本科,15k-30k,五险一金 股票期权 领导NICE 弹性工作
中科天玑数据科技股份有限公司,中科天玑,150-500人,B轮,西城区,pyhton开发工程师―外派岗位,3-5年,本科,13k-23k,年底双薪 五险一金 带薪年假
克鲁（北京）网络科技有限公司,Castbox,50-150人,B轮,朝阳区,Python后端开发工程师,3-5年,本科,20k-40k,"大牛云集,硅谷文化,免费三餐,租房补贴"
北京字节跳动科技有限公司,字节跳动,2000人以上,C轮,海淀区,Python开发实习生,应届毕业生,本科,9k-12k,业界大牛，每日三餐下午茶，瑜伽健身房。
北京快乐茄信息技术有限公司,茄子快传,150-500人,B轮,海淀区,高级Python工程师(000397)(BJ)(YF),3-5年,本科,25k-35k,"弹性工作,工作氛围好,精英团队"
北京饕餮互动信息科技有限公司,北京饕餮互动信息科技...,15-50人,未融资,朝阳区,Python运维开发工程师,1-3年,本科,13k-20k,扁平管理、发展机会多、氛围好、地铁旁
乐飞天下信息技术(北京)有限公司,乐飞天下,150-500人,未融资,朝阳区,Python中高级开发工程师,5-10年,大专,15k-30k,五险一金 带薪假 海外旅游 节假福利
飞维美地信息技术（北京）有限公司,FreeWheel,500-2000人,上市公司,朝阳区,资深Java/Python/C#/PHP开发,3-5年,本科,27k-34k,"美资互联网,技术导向,英文环境,硅谷文化"
北京国双科技有限公司,Gridsum 国双,500-2000人,上市公司,海淀区,高级Python研发（熟悉Devops平台优先）,3-5年,不限,15k-20k,年度旅游 节日福利 14薪 年度体检
北京世纪好未来教育科技有限公司,好未来,2000人以上,上市公司,海淀区,python Leader,5-10年,本科,30k-50k,上市公司
北京聚道科技有限公司,GeneDock,15-50人,B轮,海淀区,Python后端工程师,5-10年,本科,25k-40k,"五险一金,免费午餐,团队融洽,技术超前"
深圳晶泰科技有限公司,晶泰科技,50-150人,B轮,海淀区,Python后台开发,1-3年,本科,12k-20k,"五险一金,带薪年假,MIT大牛"
北京一人一亩田网络科技有限公司,一亩田,150-500人,C轮,海淀区,Python实习生,不限,本科,3k-6k,"电商平台,大牛团队,导师培养"
财新传媒有限公司,财新传媒,150-500人,A轮,朝阳区,python运维开发工程师,3-5年,本科,10k-20k,股票期权 绩效奖金 五险一金 园区食宿
百度在线网络技术（北京）有限公司,百度,2000人以上,不需要融资,海淀区,python后端工程师,3-5年,本科,20k-40k,"BAT,弹性工作,发展空间大,福利多"
北京钱方银通科技有限公司,钱方好近,150-500人,B轮,朝阳区,python技术经理,5-10年,本科,20k-40k,晋升空间大
北京云杉智达科技有限公司,云杉智达科技,15-50人,不需要融资,朝阳区,Python后端开发,1-3年,本科,15k-25k,带薪休假、午餐等福利、五险一金、晋升空间
混沌时代（北京）教育科技有限公司,混沌大学,150-500人,不需要融资,海淀区,python后台工程师,1-3年,本科,15k-25k,"五险一金,补充医疗,定期体检,弹性工作"
北京小象科技有限公司,Chinahadoop,15-50人,未融资,朝阳区,Python助教,1年以下,本科,8k-12k,弹性工作 自助午餐 扁平管理
云势天下（北京）软件有限公司,云势软件,150-500人,A轮,朝阳区,Python后端工程师,5-10年,本科,20k-30k,"五险一金,团队优秀,带薪年假,扁平管理"
联通大数据有限公司,联通大数据,150-500人,不需要融资,东城区,Python运维开发工程师,3-5年,本科,15k-25k,"锻炼思维,能力提升,地铁站旁,扁平化管理"
混沌时代（北京）教育科技有限公司,混沌大学,150-500人,不需要融资,海淀区,python后台工程师,3-5年,本科,20k-40k,"弹性工作,六险一金,学习氛围,绩效奖金"
北京旷视科技有限公司,旷视MEGVII,500-2000人,D轮及以上,海淀区,python高级后端工程师,5-10年,本科,25k-50k,核心团队
京东数字科技控股有限公司,京东数字科技,2000人以上,上市公司,大兴区,python开发工程师,5-10年,本科,25k-35k,大平台 福利健全
慧安金科（北京）科技有限公司,慧安金科,50-150人,A轮,海淀区,Python数据开发工程师,3-5年,本科,25k-45k,"六险一金,期权,零食供应,免费三餐"
北京墨云科技有限公司,墨云科技,50-150人,B轮,海淀区,Python后端开发工程师,3-5年,本科,15k-30k,"五险一金,弹性工作,餐补,带薪年假"
北京车之家信息技术有限公司,汽车之家,2000人以上,上市公司,海淀区,python工程师,3-5年,本科,15k-25k,"平台好,发展空间大"
腾讯科技（深圳）有限公司,腾讯,2000人以上,上市公司,海淀区,python后台开发（深圳）,3-5年,本科,30k-50k,大平台
北京云杉智达科技有限公司,云杉智达科技,15-50人,不需要融资,朝阳区,Python后端,1-3年,本科,12k-24k,五险一金、晋升空间、绩效奖金
北京中睿天下信息技术有限公司,中睿天下,150-500人,A轮,海淀区,python安全开发工程师,3-5年,本科,12k-18k,技术氛围浓厚，薪资与能力挂钩
北京启明合心科技有限公司,合心科技,50-150人,B轮,海淀区,高级python后端工程师,3-5年,本科,20k-35k,"领导好,不打卡,氛围好"
宁波平方和投资管理合伙企业（有限合伙）,平方和投资,15-50人,不需要融资,海淀区,python开发工程师,3-5年,本科,15k-30k,发展前景好，同事关系和谐，工作环境优越
北京汉迪移动互联网科技股份有限公司,iHandy,150-500人,不需要融资,海淀区,高级Python开发工程师,3-5年,本科,25k-50k,硅谷氛围，高手云集，零食水果，六险一金
海致网络技术（北京）有限公司,海致,150-500人,C轮,海淀区,Python开发工程师（后台）,3-5年,本科,16k-25k,金融大数据 独角兽 有期权
北京向上一心科技有限公司,老虎集团,150-500人,上市公司,朝阳区,python开发工程师,3-5年,本科,20k-35k,技术氛围好；交通便利
北京字节跳动科技有限公司,字节跳动,2000人以上,C轮,海淀区,高级python工程师,3-5年,本科,30k-60k,六险一金，高薪期权，弹性工作，免费三餐
北京旷视科技有限公司,旷视MEGVII,500-2000人,D轮及以上,海淀区,Python平台开发,不限,本科,24k-40k,发展前景好、福利待遇高
北京汉迪移动互联网科技股份有限公司,iHandy,150-500人,不需要融资,海淀区,高级Python开发工程师,3-5年,本科,25k-40k,"硅谷式办公,弹性工作,时令水果"
联通大数据有限公司,联通大数据,150-500人,不需要融资,东城区,Python高级运维开发工程师,5-10年,本科,15k-25k,"锻炼思维,偏平化管理,技能培训,地铁站旁"
北京智者天下科技有限公司,知乎,500-2000人,D轮及以上,海淀区,Python 3 开发 (MJ000552),1-3年,本科,20k-35k,"三餐,健身房,mac"
北京智合大方科技有限公司,客知音,50-150人,A轮,东城区,python后端（语音AI产品）,1-3年,本科,20k-40k,人工智能；技术驱动；大牛带队；福利多多
京东数字科技控股有限公司,京东数字科技,2000人以上,上市公司,大兴区,Python开发工程师-自动化网络方向,3-5年,本科,18k-30k,"班车,餐补"
北京向上一心科技有限公司,老虎集团,150-500人,上市公司,朝阳区,Python开发工程师,3-5年,本科,25k-35k,"六险一金,超多假期 正常双休"
北京车之家信息技术有限公司,汽车之家,2000人以上,上市公司,海淀区,pyhton/golang研发工程师,3-5年,本科,20k-30k,"发展空间大,团队氛围好"
北京小米科技有限责任公司,小米,2000人以上,D轮及以上,海淀区,Python开发工程师-小米电视,3-5年,本科,15k-30k,创业氛围
北京优思安科技有限公司,积云教育,150-500人,A轮,昌平区,Python高级讲师,3-5年,本科,20k-30k,"五险一金,餐补,周末双休,班车接送"
北京数美时代科技有限公司,数美,150-500人,B轮,朝阳区,python研发工程师,1年以下,硕士,15k-30k,"飞速发展,技术氛围浓,待遇好,发展快"
福建海源新材料科技有限公司,hynm,500-2000人,上市公司,海淀区,Python研发工程师,3-5年,本科,30k-40k,五险一金，健康体检
北京中谷金科信息技术有限公司,中谷金科,50-150人,B轮,通州区,高级Python工程师,3-5年,本科,15k-25k,"互联网金融,大数据,量化开发,自主性强"
北京字节跳动科技有限公司,字节跳动,2000人以上,C轮,海淀区,python开发工程师,1-3年,本科,20k-35k,六险一金，高薪期权，弹性工作，免费三餐
上海一起作业信息科技有限公司,一起科技,500-2000人,D轮及以上,朝阳区,python高级工程师（技术平台）,3-5年,本科,25k-50k,福利待遇
北京汉迪移动互联网科技股份有限公司,iHandy,150-500人,不需要融资,海淀区,python开发工程师,1-3年,本科,15k-30k,硅谷氛围，高手云集，零食水果，六险一金
京东数字科技控股有限公司,京东数字科技,2000人以上,上市公司,大兴区,高级Python开发工程师,5-10年,本科,20k-40k,"班车,餐补"
北京车之家信息技术有限公司,汽车之家,2000人以上,上市公司,海淀区,Python开发工程师,3-5年,本科,15k-25k,平台好，发展空间大
北京优思安科技有限公司,积云教育,150-500人,A轮,昌平区,python中高级讲师,3-5年,本科,15k-25k,"五险一金,餐补,节日福利,免费班车"
北京智者天下科技有限公司,知乎,500-2000人,D轮及以上,海淀区,Python开发,1-3年,本科,20k-40k,"三餐,健身房,mac"
永杨安风（北京）科技有限公司,LBE 科技,50-150人,B轮,朝阳区,资深Python工程师,5-10年,本科,35k-45k,"移动互联网,绩效奖金,妹子多,国外团建"
信永中和会计师事务所（特殊普通合伙）,信永中和,2000人以上,不需要融资,东城区,Python开发工程师,3-5年,本科,15k-25k,"环境好,不加班,大公司"
深圳市海视泰科技有限公司,海视科技,500-2000人,C轮,朝阳区,python,3-5年,本科,20k-40k,六险一金全额 ，早晚餐，弹性打卡
百融云创科技股份有限公司,百融云创,500-2000人,C轮,海淀区,高级python开发工程师,3-5年,本科,20k-30k,六险一金
北京向上一心科技有限公司,老虎集团,150-500人,上市公司,朝阳区,Python开发工程师,1-3年,本科,20k-35k,"六险一金,绩效奖金,发展空间大,股票期权"
北京区块节点科技有限公司,区块节点,50-150人,不需要融资,朝阳区,python工程师（算法方向）,1-3年,本科,15k-25k,"期权激励,年底多薪,绩效奖金,弹性工时"
腾讯科技（深圳）有限公司,腾讯,2000人以上,上市公司,海淀区,数据平台python研发,3-5年,本科,15k-25k,福利好，待遇好，环境好
北京微瑞科技有限责任公司,Swie.io,15-50人,天使轮,海淀区,Python工程师,3-5年,本科,12k-20k,十五天带薪年假，国际团队，期权股票
北京字节跳动科技有限公司,字节跳动,2000人以上,C轮,海淀区,Python开发工程师-变现业务,1-3年,本科,25k-40k,六险一金，弹性工作，免费三餐，租房补贴，带薪休假，休闲下午茶，扁平管理，健身瑜伽，过亿用户，职业大牛，晋升空间，团队氛围好，优厚薪资
北京融七牛信息技术有限公司,融360,500-2000人,上市公司,海淀区,高级Python开发工程师,3-5年,本科,28k-35k,年终奖，带薪年假病假，工作居住证
北京汉迪移动互联网科技股份有限公司,iHandy,150-500人,不需要融资,海淀区,Python开发工程师,1-3年,本科,15k-30k,六险一金 硅谷式办公 时令水果 健身器材
北京智者天下科技有限公司,知乎,500-2000人,D轮及以上,海淀区,资深Python开发,5-10年,本科,30k-45k,"三餐,健身房,mac"
京东数字科技控股有限公司,京东数字科技,2000人以上,上市公司,大兴区,高级Python开发工程师,5-10年,本科,20k-40k,"班车,餐补"
永杨安风（北京）科技有限公司,LBE 科技,50-150人,B轮,朝阳区,Python开发工程师,1-3年,本科,15k-30k,希望您加入一个团队，收获的是一份美好未来
北京向上一心科技有限公司,老虎集团,150-500人,上市公司,朝阳区,python开发工程师,5-10年,本科,20k-40k,"加班少,福利好"
朗新科技股份有限公司,朗新科技,2000人以上,上市公司,海淀区,Python开发工程师(J10427),应届毕业生,本科,6k-9k,六险一金 带薪年假 年度体检 周末双休
北京亿欧网盟科技有限公司,亿欧,150-500人,B轮,朝阳区,Python工程师,3-5年,本科,15k-25k,前沿产业，团建活动，下午茶
北京快快网络技术有限公司,真融宝,150-500人,B轮,海淀区,Python研发工程师,3-5年,本科,30k-40k,六险一金，弹性工作，不打卡
北京百观科技有限公司,百观Lab,15-50人,A轮,东城区,Python数据与爬虫工程师,1-3年,本科,12k-24k,"高成长空间,有挑战性,福利待遇好"
北京通力互联技术服务有限公司,通力互联,2000人以上,不需要融资,海淀区,Python开发,3-5年,大专,9k-18k,"周末双休,团建活动"
北京旷视科技有限公司,旷视MEGVII,500-2000人,D轮及以上,海淀区,Python全栈工程师,1-3年,本科,20k-30k,6险1金 超长假期
北京字节跳动科技有限公司,字节跳动,2000人以上,C轮,海淀区,高级python研发工程师,1-3年,本科,20k-40k,"六险一金,高薪期权,弹性工作,租房补贴"
北京易越信息技术有限公司,易越,15-50人,A轮,朝阳区,python开发工程师,5-10年,大专,20k-30k,发展空间大，业务提升快
颐月信息技术（北京）有限公司,BABEL 贝宝,15-50人,A轮,朝阳区,python开发工程师,1-3年,本科,15k-25k,"技术挑战,发展空间,扁平化"
北京新得科技有限公司,新得科技,15-50人,不需要融资,朝阳区,Python工程师,1-3年,本科,10k-20k,"平台好,空间大"
北京汉迪移动互联网科技股份有限公司,iHandy,150-500人,不需要融资,海淀区,python开发,1-3年,本科,15k-30k,"硅谷式办公,弹性工作,时令水果"
北京智者天下科技有限公司,知乎,500-2000人,D轮及以上,海淀区,Python平台开发工程师,不限,本科,22k-35k,"三餐,健身房,mac"
北京富顺天牧科技有限公司,富顺天牧,15-50人,不需要融资,大兴区,python开发工程师,3-5年,不限,8k-12k,五险、法定假日、6日休
北京中谷金科信息技术有限公司,中谷金科,50-150人,B轮,通州区,高级python工程师,5-10年,本科,18k-25k,"晋升快,人工智能,量化开发,五险一金"
北京小米科技有限责任公司,小米,2000人以上,D轮及以上,海淀区,Java/Python开发工程师-小米阅读,1-3年,本科,20k-30k,技术大牛、团队氛围活跃、年轻化
北京奇点创世信息技术有限公司,奇点创世科技,少于15人,A轮,东城区,Python,1-3年,本科,9k-15k,福利好，发展大
北京安码科技有限公司,安码科技,50-150人,B轮,海淀区,python,3-5年,本科,10k-20k,五险一金 环境优美 交通便利 氛围融洽
北京向上一心科技有限公司,老虎集团,150-500人,上市公司,朝阳区,python开发工程师,不限,本科,20k-40k,"待遇优,加班少,临近地铁"
北京掌控世代科技有限公司,掌控,15-50人,A轮,海淀区,Python工程师,3-5年,本科,15k-30k,"行业第一,技术导向,海量用户,超强团队"
北京数美时代科技有限公司,数美,150-500人,B轮,朝阳区,python研发工程师,1年以下,硕士,15k-30k,"飞速发展,技术氛围浓,大牛担任导"
深度好奇（北京）科技有限公司,深度好奇,15-50人,天使轮,海淀区,Python工程师,不限,本科,12k-24k,"五险一金,快递晋升,扁平管理,年终奖"
北京棣南新宇科技有限公司,棣南新宇,50-150人,不需要融资,海淀区,Python高级开发工程师,3-5年,本科,15k-20k,"创造,实实在在,价值"
奇点浩翰数据技术（北京）有限公司,奇点浩翰,15-50人,未融资,东城区,Python开发工程师,不限,本科,15k-25k,"五险一金,绩效奖金,定期体检,员工旅游"
腾讯科技（深圳）有限公司,腾讯,2000人以上,上市公司,海淀区,32268-腾讯视频python后台开发（北京）,3-5年,本科,20k-40k,大平台 新业务
北京罗威亚科技有限公司,罗威亚科技,15-50人,天使轮,大兴区,python攻城狮,1-3年,本科,9k-15k,"平台好,技术新,大牛带,团队棒"
北京汉迪移动互联网科技股份有限公司,iHandy,150-500人,不需要融资,海淀区,高级Python工程师,3-5年,本科,25k-50k,"硅谷氛围,高手如云,零食水果,六险一金"
北京数美时代科技有限公司,数美,150-500人,B轮,朝阳区,python研发工程师,1-3年,本科,15k-30k,"飞速发展,发展快,海量数据"
北京罗威亚科技有限公司,罗威亚科技,15-50人,天使轮,大兴区,Python【实习生】,应届毕业生,本科,5k-10k,高挑战，大舞台，大牛带，氛围好
北京智融时代信息技术有限公司,智融集团,150-500人,C轮,海淀区,高级Python开发工程师,3-5年,本科,25k-40k,"优秀团队,工场项目,六险一金,金融科技"
乐飞天下信息技术(北京)有限公司,乐飞天下,150-500人,未融资,朝阳区,Python全栈开发工程师,3-5年,大专,15k-25k,五险一金 带薪假 海外旅游 节假福利
达内时代科技集团有限公司,达内集团,2000人以上,上市公司,海淀区,高级Python开发工程师,3-5年,本科,15k-25k,"五险一金,周末双休,绩效奖金,上市公司"
北京天融信网络安全技术有限公司,天融信,2000人以上,上市公司,海淀区,python研发工程师,5-10年,硕士,15k-25k,"带薪年假,七险一金,定期体检,领导好"
北京轻宿科技发展有限公司,城宿,500-2000人,A轮,朝阳区,python开发工程师,5-10年,不限,25k-35k,五险一金/带薪年假/旅游基金/扁平管理
一点网聚科技有限公司,一点资讯,500-2000人,D轮及以上,朝阳区,Python开发工程师,1-3年,本科,20k-40k,"弹性工作,发展空间大,千万级用户,行业独"
北京思维造物信息科技有限公司,罗辑思维,150-500人,D轮及以上,朝阳区,Python开发工程师,3-5年,本科,25k-50k,"大咖云集,技术氛围好"
北京环讯互动教育科技有限公司,北京飞博教育科技股份有限公司,500-2000人,A轮,朝阳区,高级Python开发工程师,3-5年,大专,20k-25k,提供工作餐 、周六日双休、非996
北京快快网络技术有限公司,真融宝,150-500人,B轮,海淀区,Python研发工程师,3-5年,本科,25k-35k,六险一金，弹性工作，不打卡
永杨安风（北京）科技有限公司,LBE 科技,50-150人,B轮,朝阳区,python研发工程师,3-5年,本科,15k-30k,六险一金+定期体检+绩效奖金+水果零食
北京雷石世纪科技有限公司,北京雷石公司,150-500人,B轮,朝阳区,Python工程师,1-3年,本科,10k-20k,"补充医疗险,弹性工作制"
北京小度互娱科技有限公司,百度视频,150-500人,B轮,海淀区,Python开发工程师,1-3年,本科,15k-25k,"团队优秀,福利优厚"
北京汉迪移动互联网科技股份有限公司,iHandy,150-500人,不需要融资,海淀区,Python开发工程师,1-3年,本科,15k-30k,"六险一金,水果零食多,按摩椅,大牛云集"
北京智蓝云信科技有限公司,智蓝,150-500人,不需要融资,海淀区,python,3-5年,本科,12k-17k,五险一金 大厂
北京融七牛信息技术有限公司,融360,500-2000人,上市公司,海淀区,Python研发工程师,3-5年,本科,20k-35k,"千万级用户,高并发系统,七险一金"
北京搜狐新媒体信息技术有限公司,搜狐集团,2000人以上,上市公司,海淀区,Python开发工程师,3-5年,本科,15k-30k,"工作氛围好,各种团建,弹性工作"
北京水木梧桐创业投资管理有限公司,水木创投,50-150人,不需要融资,东城区,python开发工程师,3-5年,本科,15k-22k,五险一金
上海致趣广告有限公司,致趣广告,50-150人,不需要融资,朝阳区,Python研发工程师,3-5年,本科,8k-10k,七险一金，带薪年假10-15天，年底双薪
网宿科技股份有限公司北京分公司,网宿科技,2000人以上,上市公司,海淀区,Python开发工程师,不限,本科,15k-25k,五险一金 绩效奖金 带薪年假 弹性工作
深圳维戛科技有限公司,维戛科技Contec,15-50人,A轮,朝阳区,python,1-3年,本科,15k-25k,各种福利、发展空间大
北京爱咔咔信息技术有限公司,爱咔咔,15-50人,A轮,海淀区,python开发工程师,3-5年,本科,18k-22k,福利待遇 五险一金技术可以有很大的提升
北京瀚海星云科技有限公司,星云Clustar,15-50人,天使轮,海淀区,python开发工程师,不限,本科,15k-30k,AI领域 前沿技术 专家指导 培训分享
北京爱选信息科技有限公司,爱选科技,少于15人,天使轮,朝阳区,python开发工程师,3-5年,本科,15k-25k,"金融科技类,公司氛围好"
溪流科技（北京）有限公司,溪流科技,15-50人,未融资,海淀区,Python开发工程师,3-5年,本科,12k-24k,"成长空间大,团队文化好六险一金,周末双休"
北京聚微合智信息技术有限公司,聚微,50-150人,不需要融资,海淀区,Python,1-3年,大专,12k-24k,弹性工作制，领导好，有前景，有奖金
北京石云科技有限公司,石云科技,50-150人,不需要融资,海淀区,Python,应届毕业生,本科,10k-20k,"蓝海市场,金融科技,大牛带队,奖金高"
深源恒际科技有限公司,深源恒际,15-50人,未融资,通州区,Python开发工程师,1-3年,本科,15k-30k,"人工智能,技术大牛,前景广阔,扁平管理"
北京搜狐新媒体信息技术有限公司,搜狐集团,2000人以上,上市公司,海淀区,python开发工程师,3-5年,本科,20k-30k,"上市公司,福利氛围轻松优秀"
北京聚微合智信息技术有限公司,聚微,50-150人,不需要融资,海淀区,Python工程师,1-3年,大专,10k-20k,弹性工作制，领导好，有前景，有奖金
北京悦和软件有限公司,悦和,15-50人,未融资,昌平区,python开发工程师,3-5年,本科,10k-20k,周末双休，带薪年假，五险一金，团建活动
贝壳找房（北京）科技有限公司,贝壳,2000人以上,D轮及以上,海淀区,Python开发工程师,5-10年,本科,30k-60k,"15薪,13天年假,免费三餐,逢假必过"
图玛深维医疗科技（北京）有限公司,图玛深维,150-500人,B轮,朝阳区,python工程师,3-5年,本科,15k-25k,超长带薪年假 五险一金 地铁周边
北京中北信科技发展有限公司,中北信科技,50-150人,不需要融资,西城区,python研发,3-5年,不限,10k-15k,五险一金
领途教育咨询（北京）有限公司,领途教育,15-50人,天使轮,海淀区,python开发,1-3年,本科,8k-15k,电脑补助 优秀人才公租房协助申请
北京特拉库塔科技有限公司,大地量子,15-50人,天使轮,朝阳区,初级软件工程师-Python,应届毕业生,本科,10k-20k,大牛团队，前沿项目，开放氛围，扁平结构
北京雷石世纪科技有限公司,北京雷石公司,150-500人,B轮,朝阳区,python,3-5年,本科,15k-30k,五险一金，带薪年假，补充医疗
北京石云科技有限公司,石云科技,50-150人,不需要融资,海淀区,Java/Python（中级）,1-3年,本科,10k-20k,金融科技，牛人带队，领导好，弹性工作
北京顺智信科技有限公司,eBrain,15-50人,A轮,朝阳区,python/java开发工程师,3-5年,大专,15k-25k,广阔职业领域学习成长空间和晋升加薪机会
北京暄和文化发展有限公司,暄和文化,少于15人,未融资,海淀区,高级python/Golang工程师,3-5年,不限,35k-50k,14薪
北京融七牛信息技术有限公司,融360,500-2000人,上市公司,海淀区,高级测试开发工程师(001298)-python,3-5年,本科,15k-30k,"千万级用户,高并发系统,团队大牛多"
三只肥猴（北京）信息技术有限公司,三只肥猴,少于15人,未融资,海淀区,Python工程师,1-3年,本科,7k-10k,"前沿技术,团队融洽,带薪假期,上升空间大"
北京众信易保科技有限公司,豆包网,50-150人,不需要融资,朝阳区,python高级开发工程师,3-5年,本科,15k-25k,八险一金，地铁周边，多种补贴；周末双休
北京搜狐新媒体信息技术有限公司,搜狐集团,2000人以上,上市公司,海淀区,狐友Python开发工程师,1-3年,本科,15k-25k,大平台、团队优秀、发展空间大
北京聚微合智信息技术有限公司,聚微,50-150人,不需要融资,海淀区,Python/ruby 开发工程师,3-5年,本科,15k-22k,弹性工作，领导好，股票期权，有奖金
北京慕华信息科技有限公司,学堂在线,150-500人,B轮,海淀区,高级Python工程师,3-5年,本科,15k-30k,公司稳定 氛围好
北京智蓝云信科技有限公司,智蓝,150-500人,不需要融资,海淀区,python开发,3-5年,本科,15k-25k,五险一金；加班补助；年终奖；班车；
中国移动通信有限公司研究院,移动研究院,500-2000人,不需要融资,西城区,python开发工程师,1-3年,本科,15k-25k,发展机会好，福利待遇完善
深圳市金证科技股份有限公司,金证股份,2000人以上,上市公司,朝阳区,python开发,3-5年,大专,10k-20k,"上市公司,福利多多,项目大,五险一金"
福州必全网络科技有限公司,必全网络,15-50人,天使轮,朝阳区,python程序员,1年以下,本科,6k-10k,五险一金；包住宿
北京智水互娱科技有限公司,智水互娱,15-50人,不需要融资,东城区,Python开发工程师,1-3年,大专,20k-40k,"海外,高薪"
北京华影聚合电影科技有限公司,华影聚合,15-50人,不需要融资,海淀区,Python,1-3年,本科,15k-20k,高效团队，电影行业，发展空间大，管三餐
北京云宽志业网络技术有限公司,云宽网络,150-500人,上市公司,海淀区,python中高级研发工程师,5-10年,不限,15k-30k,五险一金 年终奖 加班餐
北京创智优品科技有限公司,Zenjoy,150-500人,不需要融资,东城区,Python后台开发工程师,1-3年,本科,10k-20k,"六险一金,年底双薪,出国旅行,包午晚餐"
北京远大创新科技有限公司?,远大创新,500-2000人,未融资,海淀区,python,不限,大专,12k-17k,五险，双休
上海策炬网络科技有限公司苏州分公司,策炬网络,15-50人,未融资,朝阳区,Python后台工程师,3-5年,本科,25k-50k,最大的综合性数字货币矿池
北京第三石科技发展有限公司,第三石科技,50-150人,B轮,朝阳区,Python开发工程师（校招）,应届毕业生,本科,4k-8k,新锐的全球化移动电商平台
北京智融时代信息技术有限公司,智融集团,150-500人,C轮,海淀区,python研发工程师（抓取平台开发方向）,3-5年,本科,20k-40k,六险一金、上升空间、弹性工作、优秀团队
北京聚微合智信息技术有限公司,聚微,50-150人,不需要融资,海淀区,Java/Python,1年以下,大专,9k-18k,"新蓝海,牛人带队,发展空间大,扁平化管理"
深圳市金证科技股份有限公司,金证股份,2000人以上,上市公司,朝阳区,python开发,3-5年,大专,10k-15k,"上市公司,项目大,福利多多,周末双休"
福州必全网络科技有限公司,必全网络,15-50人,天使轮,朝阳区,python程序员（实习生）,应届毕业生,本科,3k-4k,五险一金；包住宿
智线云科技（北京）有限公司,ZingFront智线,50-150人,A轮,朝阳区,Python中级工程师,3-5年,本科,15k-25k,"六险一金,晋升空间大,超长年假,团队氛围好"
中铁信弘远（北京）软件科技有限责任公司,中铁信弘远,150-500人,不需要融资,海淀区,python高级开发工程师,不限,本科,15k-20k,福利待遇优，发展前景好
北京融七牛信息技术有限公司,融360,500-2000人,上市公司,海淀区,高级Python研发工程师 (001261),3-5年,本科,30k-50k,"千万级用户,高并发系统,团队大牛多"
北京思维造物信息科技有限公司,罗辑思维,150-500人,D轮及以上,朝阳区,python / golang 后端开发工程师,1-3年,本科,20k-40k,"六险一金,大咖云集,氛围好,福利好"
北京闪送科技有限公司,闪送,500-2000人,D轮及以上,海淀区,Python/web开发工程师,3-5年,本科,10k-20k,"发展空间,福利优厚,带薪年假,弹性工作时"
智睿投研（北京）信息咨询有限公司,智睿投研,15-50人,未融资,东城区,python中高级开发工程师,5-10年,本科,15k-25k,待遇好，前景好，发展好
成都元一九鼎投资管理有限公司,元一九鼎,50-150人,未融资,朝阳区,中高级python开发工程师,3-5年,本科,15k-25k,优秀的团队成员
北京学了么科技有限公司,学了么,15-50人,天使轮,东城区,Python兼职老师,1-3年,本科,15k-20k,时间灵活
北京托普云数据技术有限公司,北京托普云数据技术有限公司,50-150人,不需要融资,海淀区,java/python开发培训实训,应届毕业生,不限,1k-2k,项目培训，定岗就业、提供住宿、
北京汇游科技有限公司,汇游科技,15-50人,不需要融资,朝阳区,Python爬虫工程师,3-5年,本科,15k-20k,"五险一金,全勤奖,餐补,年终奖金"
北京石云科技有限公司,石云科技,50-150人,不需要融资,海淀区,Python/Ruby,1-3年,本科,15k-30k,"金融科技,新蓝海,牛人带队,年底双薪"
北京链家房地产经纪有限公司立水桥北路店,链家,2000人以上,不需要融资,海淀区,Python高级开发,3-5年,本科,50k-80k,"15薪,发展平台"
深圳市金证科技股份有限公司,金证股份,2000人以上,上市公司,西城区,Python 开发工程师,3-5年,本科,15k-17k,"金融央企,五险一金"
北京石云科技有限公司,石云科技,50-150人,不需要融资,海淀区,Java/Python,应届毕业生,大专,8k-16k,"弹性工作,领导好,奖金高,蓝海市场"
智线云科技（北京）有限公司,ZingFront智线,50-150人,A轮,朝阳区,高级Java/PHP/Python工程师,3-5年,本科,15k-25k,"带薪年假,福利多,办公环境好,氛围自由"
北京托普云数据技术有限公司,北京托普云数据技术有限公司,50-150人,不需要融资,海淀区,Java/python/ui设计实训培训,不限,不限,4k-8k,培训、上岗、签协议
北京汉迪移动互联网科技股份有限公司,iHandy,150-500人,不需要融资,海淀区,Python开发实习生,应届毕业生,本科,5k-8k,"有大牛,有美女,有零食,有健身"
北京快快网络技术有限公司,真融宝,150-500人,B轮,海淀区,Python中级开发工程师,不限,本科,20k-25k,"六险一金,有餐补,团队氛围好，成长空间大"
北京理享家商务信息咨询有限公司,北京理享家,150-500人,D轮及以上,东城区,高级Python后端工程师,3-5年,本科,15k-25k,"扁平化管理,股票期权,年度体检"
达内时代科技集团有限公司,达内集团,2000人以上,上市公司,海淀区,Python高级开发工程师 (MJ003815),3-5年,本科,15k-25k,"股权激励,上市平台,发展空间,大平台"
北京国研网信息股份有限公司,国研网,150-500人,上市公司,东城区,高级python开发工程师,3-5年,硕士,22k-27k,六险一金，超长年假，大型国企
北京摩尔宝宝网络科技有限公司,摩尔妈妈,15-50人,A轮,朝阳区,python开发实习生,应届毕业生,本科,3k-6k,"提供转正,实习证明,注重成长,免费 午餐"
北京下厨房科技有限公司,下厨房,50-150人,B轮,海淀区,Python开发实习生,应届毕业生,本科,6k-7k,免费午餐、成长空间大、有转正机会
北京格灵深瞳信息技术有限公司,格灵深瞳,150-500人,C轮,海淀区,Python高级研发工程师,应届毕业生,本科,20k-40k,人工智能 良好的发展空间
北京音娱时光科技有限公司,音娱时光,50-150人,A轮,海淀区,Python开发实习生,应届毕业生,本科,3k-5k,零食茶歇，一日两餐，免费健身，节日福利等
t望智库（北京）科技发展有限公司,新华社t望智库,50-150人,不需要融资,东城区,Python可视化工程师,3-5年,本科,10k-18k,五险一金，带薪年假，双休
北京币盈科技有限公司,币盈科技,15-50人,天使轮,朝阳区,高级Python研发工程师,3-5年,本科,20k-35k,牛人多，氛围好，发展快
达内时代科技集团有限公司,达内集团,2000人以上,上市公司,海淀区,python讲师（少儿编程）,3-5年,本科,15k-30k,"上市公司,学习氛围,技术培训,福利待遇"
北京托普云数据技术有限公司,北京托普云数据技术有限公司,50-150人,不需要融资,海淀区,java/python/ui/web前端实习实训,不限,大专,6k-12k,五险一金、可培养
北京享睡科技有限公司,享睡空间,50-150人,天使轮,东城区,python高级工程师,3-5年,大专,10k-20k,"创业团队,五险一金,年终绩效"
紫梧桐（北京）资产管理有限公司,蛋壳公寓,2000人以上,C轮,东城区,Python爬虫高级工程师,5-10年,本科,20k-40k,技术大牛
北京中铁信科技有限公司,北京中铁信,150-500人,不需要融资,海淀区,python高级开发工程师,3-5年,本科,18k-28k,"平台好,机会多,机会多多"
成都联想软件有限公司,联想,500-2000人,不需要融资,海淀区,python后端,3-5年,本科,30k-50k,"年底多薪,氛围好,大牛多,美女多"
上海亿贝网络信息服务有限公司,eBay,500-2000人,上市公司,朝阳区,高级Python工程师,1-3年,本科,20k-40k,平台好，年底多薪，发展空间大
阳光保险集团股份有限公司,阳光产险信保事业部,2000人以上,不需要融资,朝阳区,python测试开发专家,3-5年,本科,18k-36k,"节日福利,五险一金,交通补助,带薪年假"
北京智融时代信息技术有限公司,智融集团,150-500人,C轮,海淀区,Python开发实习生,应届毕业生,本科,5k-7k,优秀团队 1对1导师制 美味早晚餐
北京赋乐科技有限公司,Flow++,50-150人,A轮,海淀区,python开发实习生（可转正）,应届毕业生,硕士,3k-4k,"定期团建,发展空间大,技术驱动"
北京小猿文化传播有限公司,小猿,500-2000人,D轮及以上,朝阳区,python助教实习生,应届毕业生,本科,4k-6k,下午茶零食不限量，五一9天假
北京智通博瑞科技发展有限公司,智通博瑞,50-150人,不需要融资,海淀区,python后台开发工程师,3-5年,本科,18k-25k,周末双休，五险一金，节假日福利，带薪年假
混沌时代（北京）教育科技有限公司,混沌大学,150-500人,不需要融资,海淀区,python后台工程师,应届毕业生,本科,14k-20k,"弹性工作,六险一金,大牛云集,学习氛围"
成都知道创宇信息技术有限公司,知道创宇,500-2000人,C轮,朝阳区,python实习生(J10159),应届毕业生,大专,2k-4k,八险一金，10天带薪年假，弹性工时
上海基分文化传播有限公司,趣头条,500-2000人,上市公司,海淀区,python爬虫,3-5年,本科,20k-35k,"六险一金,绩效奖金,福利完善，大牛云集"
北京托普云数据技术有限公司,北京托普云数据技术有限公司,50-150人,不需要融资,海淀区,Java/python软件开发实训 培训,应届毕业生,大专,4k-8k,直接实习，先培训在上岗，签订实习
达内时代科技集团有限公司,达内集团,2000人以上,上市公司,朝阳区,Python讲师 (MJ001577),5-10年,本科,18k-30k,"五险一金,商业保险,股票期权"
北京智通博瑞科技发展有限公司,智通博瑞,50-150人,不需要融资,海淀区,python后台开发工程师,3-5年,不限,18k-25k,"五险一金,定期体检,全勤奖,带薪年假"
多抓鱼（北京）科技有限公司,多抓鱼,15-50人,B轮,朝阳区,python后端,5-10年,本科,20k-35k,技术氛围好，睡到自然醒，文化自由包容
北京通力互联技术服务有限公司,通力互联,2000人以上,不需要融资,海淀区,后端Python开发,应届毕业生,本科,10k-15k,"大牛多,免费早晚餐,免费班车,领导好"
北京阿姨多多网络科技有限公司,阿姨多多,少于15人,不需要融资,昌平区,python 实习生,应届毕业生,硕士,3k-4k,"初创团队,有活力,家的感觉"
北京高思博乐教育科技股份有限公司,高思教育集团,2000人以上,上市公司,海淀区,Python教研,1-3年,不限,15k-30k,带薪年假 节日福利 员工体检
百融云创科技股份有限公司,百融云创,500-2000人,C轮,海淀区,高级python运维开发,3-5年,本科,15k-30k,"带薪年假,绩效奖金,年底双薪,补充医疗"
北京蜜莱坞网络科技有限公司,映客,500-2000人,上市公司,朝阳区,c++/Python/Go......,3-5年,本科,30k-50k,"大牛多,成长快,六险一金,专属健身房"
兆百特（北京）信息技术有限公司,兆百特,50-150人,A轮,朝阳区,Python 后台开发工程师,不限,本科,10k-20k,"免费零食,六险一金,定期团建，试用期全薪"
上海倾听信息技术有限公司,蜻蜓FM,150-500人,D轮及以上,朝阳区,Python 后端开发（北京）,1-3年,本科,18k-36k,发展前景优，工作氛围轻松
北京中科九章软件有限公司,中科九章,15-50人,不需要融资,海淀区,Python Web 开发,不限,本科,8k-16k,"五险一金,年度体检,云计算"
北京马哥教育科技有限公司,马哥教育,15-50人,不需要融资,昌平区,pyhton讲师,5-10年,大专,20k-30k,五险全勤奖交通补助餐补员工旅游节日福利
恒爱高科（北京）科技有限公司,恒爱高科,15-50人,天使轮,海淀区,Python 后台工程师,1-3年,本科,7k-14k,"潜力大,钱多,技术先进,有实力"
北京世纪好未来教育科技有限公司,好未来,2000人以上,上市公司,海淀区,AI Lab-Python增效工具链开发工程师,不限,本科,4k-6k,地铁周边、扁平化管理、节日礼物、交通补助
北京世纪好未来教育科技有限公司,好未来,2000人以上,上市公司,海淀区,AI Lab-Python实习生,不限,本科,4k-6k,地铁周边、扁平化管理、节日礼物、交通补助
北京谦亨网络科技有限公司,谦亨网络科技,少于15人,未融资,海淀区,python实习,应届毕业生,不限,3k-5k,"提升空间大,待遇福利好,股份期权"
北京水木梧桐创业投资管理有限公司,水木创投,50-150人,不需要融资,东城区,python架构师,5-10年,不限,25k-35k,五险一金
北京融七牛信息技术有限公司,融360,500-2000人,上市公司,海淀区,python研发架构师,5-10年,本科,30k-45k,"周末双休,节日福利,五险一金,股票期权"
环嘉集团有限公司,环嘉集团,2000人以上,不需要融资,海淀区,python后端,3-5年,不限,25k-35k,五险一金，团队融洽，技术超前
兆百特（北京）信息技术有限公司,兆百特,50-150人,A轮,朝阳区,Python后台研发实习工程师,应届毕业生,不限,4k-6k,"不打卡,至少4天"
北京视野金服信息技术有限公司,视野金融,50-150人,A轮,海淀区,python大数据处理工程师,3-5年,本科,15k-25k,五险一金 股票期权 加班补助 带薪年假
北京东土科技股份有限公司,东土科技,500-2000人,上市公司,石景山区,Python/C++研发工程师,3-5年,本科,20k-40k,五险一金 交通补助 餐补 话补 体检
北京粉笔未来科技有限公司,猿辅导,2000人以上,D轮及以上,朝阳区,python助教实习生,应届毕业生,本科,3k-4k,"一带一帮带,独角兽行业"
艺恩世纪国际信息咨询（北京）有限公司,艺恩,50-150人,未融资,朝阳区,高级Python采集工程师,5-10年,本科,18k-25k,"弹性工时,补充医疗,带薪病假,扁平管理"
北京奇艺世纪科技有限公司,爱奇艺,2000人以上,上市公司,海淀区,Golang &amp; Python 安全开发实习生,不限,本科,2k-3k,牛人多，学习机会多 ；有转正机会
北京太极华保科技股份有限公司,太极华保,150-500人,B轮,海淀区,中级python后端,1-3年,本科,10k-20k,餐补，通讯补，五险一金，带薪休假，团建
北京趣码科技有限公司,趣码科技,150-500人,不需要融资,海淀区,Python高级讲师,1-3年,大专,10k-20k,发展空间大，大集团公司
北京芽芽科技有限公司,芽芽,少于15人,未融资,海淀区,高级python后端,3-5年,本科,14k-24k,五险一金，额外补充医疗，定期团建，餐补
深圳点猫科技有限公司,编程猫,500-2000人,B轮,东城区,Python培训讲师,3-5年,本科,8k-15k,"弹性,提成多多,五险一金,饭补"
北京世纪好未来教育科技有限公司,好未来,2000人以上,上市公司,海淀区,AI Lab-python后台开发实习生,不限,本科,4k-6k,地铁周边、扁平化管理、节日礼物、交通补助
北京字节跳动科技有限公司,字节跳动,2000人以上,C轮,海淀区,python爬虫工程师,1-3年,本科,22k-40k,六险一金，弹性工作，免费三餐，租房补贴
北京新锦成科技有限公司,新锦成,150-500人,A轮,海淀区,python数据统计,应届毕业生,本科,3k-5k,扁平化管理 ；弹性工作时间 ；发展空间大
北京奥德塔数据科技有限公司,奥德塔,15-50人,天使轮,海淀区,python高级爬虫工程师,3-5年,本科,12k-18k,六险一金，带薪年假，免费班车，餐补交补等
深圳码隆科技有限公司,码隆科技,50-150人,B轮,海淀区,Python Web全栈研发实习生,应届毕业生,本科,4k-5k,大牛多 工作氛围好 360°海景
北京阿博茨科技有限公司,阿博茨科技,150-500人,B轮,海淀区,python爬虫实习生 (MJ000157),应届毕业生,本科,3k-5k,福利待遇佳
北京新工场投资顾问有限公司,她理财,50-150人,A轮,朝阳区,Go工程师,1-3年,本科,15k-30k,互联网金融 无天花板 六险一金 期权激励
北京达佳互联信息技术有限公司,快手,2000人以上,D轮及以上,海淀区,AR算法研究员,3-5年,硕士,25k-50k,免费午晚餐，下午茶，健身房
北京优友动量网络技术有限公司,火萤,15-50人,不需要融资,石景山区,GO架构师,5-10年,本科,40k-80k,"弹性,双休,扁平,额外补助"
明睿（北京）资本管理有限公司,明睿资本,少于15人,不需要融资,朝阳区,量化开发工程师（Java/C++/Python方向,1-3年,本科,20k-30k,"五险一金,补充医疗,带薪年假,绩效工资"
瑞幸咖啡（中国）有限公司,瑞幸咖啡,2000人以上,B轮,海淀区,高级容器云开发工程师/容器技术专家,5-10年,本科,30k-60k,互联网新零售独角兽公司
北京旷视科技有限公司,旷视MEGVII,500-2000人,D轮及以上,海淀区,云平台开发工程师（Python/Go/C++）,1-3年,本科,25k-50k,人工智能，人脸识别，云平台
车好多旧机动车经纪（北京）有限公司,车好多集团,2000人以上,D轮及以上,海淀区,后端开发（爬虫方向）,3-5年,本科,20k-40k,搜索研发 海量数据
凤凰飞扬（北京）新媒体信息技术有限公司,凤凰网,2000人以上,上市公司,朝阳区,golang工程师,3-5年,本科,20k-35k,团队扁平化、股票期权、上市公司
支付宝（杭州）信息技术有限公司,蚂蚁金服集团,2000人以上,B轮,朝阳区,数据研发工程师/技术专家（财富事业群）,5-10年,本科,35k-60k,大平台 团队氛围 快速成长
北京世纪好未来教育科技有限公司,好未来,2000人以上,上市公司,海淀区,大数据部-Python爬虫实习生,1年以下,本科,4k-6k,大平台 福利好
北京市商汤科技开发有限公司,商汤科技,2000人以上,C轮,海淀区,软件开发工程师,3-5年,本科,20k-40k,发展空间大、弹性工作、午餐补助、扁平管理
车好多旧机动车经纪（北京）有限公司,车好多集团,2000人以上,D轮及以上,海淀区,资深大数据开发工程师,3-5年,本科,30k-60k,"大数据,spark,hive,hbase"
北京推想科技有限公司,推想科技,150-500人,C轮,朝阳区,开发工程师,1-3年,本科,10k-15k,人工智能、扁平管理、发展空间大
北京一人一亩田网络科技有限公司,一亩田,150-500人,C轮,海淀区,研发工程师,3-5年,本科,20k-35k,六险一金，弹性工作，双休，年终奖，年假
广州实地房地产开发有限公司,实地集团,2000人以上,不需要融资,朝阳区,开发工程师,3-5年,不限,18k-27k,"6险1金,周末双休"
北京永鼎致远网络科技有限公司,永鼎致远,150-500人,未融资,海淀区,技术服务工程师,1-3年,大专,7k-8k,发展空间大；公司氛围好；福利好
北京神州绿盟信息安全科技股份有限公司,绿盟科技,500-2000人,上市公司,海淀区,研发工程师,3-5年,本科,10k-20k,六险一金，绩效奖金
北京旷视科技有限公司,旷视MEGVII,500-2000人,D轮及以上,海淀区,后台开发工程师 （深度学习平台）,3-5年,本科,25k-50k,"大牛云集,弹性工作"
轻客智能科技（江苏）有限公司,MYNTAI小觅智能,50-150人,A轮,朝阳区,ROS开发工程师,1-3年,本科,18k-30k,"发展空间大,快速发展期,团队氛围好,薪资优越"
北京晟政科技有限公司,北京晟政科技有限公司,50-150人,不需要融资,海淀区,钱包开发工程师,3-5年,本科,15k-25k,"五险一金,氛围好,领导好"
百融云创科技股份有限公司,百融云创,500-2000人,C轮,海淀区,研发工程师-算法方向,应届毕业生,本科,16k-20k,"年底双薪,带薪年假,绩效奖励,年度旅游"
爱笔（北京）智能科技有限公司,Aibee,150-500人,A轮,海淀区,开发工程师-计算平台?,不限,不限,15k-30k,人工智能 创业氛围
秒针信息技术有限公司,明略科技集团,500-2000人,D轮及以上,朝阳区,前端开发工程师,3-5年,本科,15k-30k,弹性工作、层级扁平、带薪年假、房补车补
昆仑智汇数据科技（北京）有限公司,K2DATA,150-500人,B轮,海淀区,软件开发工程师（Python）,3-5年,本科,15k-30k,行业大牛
北京世纪好未来教育科技有限公司,好未来,2000人以上,上市公司,海淀区,高级数据仓库开发工程师,3-5年,本科,20k-40k,平台好
北京市商汤科技开发有限公司,商汤科技,2000人以上,C轮,海淀区,大数据平台开发工程师,3-5年,硕士,25k-50k,"核心业务,高薪酬福利,技术大牛"
车好多旧机动车经纪（北京）有限公司,车好多集团,2000人以上,D轮及以上,朝阳区,Golang开发工程师,3-5年,本科,25k-50k,"核心团队,技术大牛,丰厚福利"
北京旷视科技有限公司,旷视MEGVII,500-2000人,D轮及以上,海淀区,测试开发工程师,3-5年,本科,15k-25k,极客范
因诺（上海）资产管理有限公司,因诺,15-50人,不需要融资,西城区,系统开发工程师,1-3年,硕士,15k-25k,"扁平管理,牛人团队,绩效奖金,六险一金"
北京太古代科技有限公司,太古代科技,50-150人,B轮,海淀区,量化开发工程师,1-3年,本科,20k-40k,福利待遇优厚！
北京微聚未来科技有限公司,微聚未来,500-2000人,不需要融资,海淀区,高级测试开发工程师,3-5年,不限,20k-35k,"牛人团队,带薪年假,16薪考核,快速成长"
北京神州祥龙投资管理有限公司,亚马逊（中国）,2000人以上,上市公司,朝阳区,软件开发工程师,1-3年,本科,20k-40k,无996，全球大型复杂系统开发，大数据
北京声智科技有限公司,声智科技,150-500人,B轮,海淀区,云服务研发工程师（NLP方向）,3-5年,本科,15k-30k,"六险一金,团建旅游,扁平化管理"
北京奇智睿思信息咨询有限公司,奇智睿思,2000人以上,上市公司,朝阳区,研发技术经理（CRM&amp;电商）,5-10年,本科,25k-50k,"国际化团队,国际化客户,气氛活跃,加班少"
华风爱科气象科技（北京）有限公司,华风爱科,15-50人,不需要融资,朝阳区,气象系统开发工程师,1-3年,硕士,15k-20k,新的行业，新的起点
爱笔（北京）智能科技有限公司,Aibee,150-500人,A轮,海淀区,ELK开发工程师,不限,本科,25k-50k,发展前景好/六险一金/午晚餐/技术大牛
北京印象笔记科技有限公司,印象笔记,50-150人,A轮,朝阳区,"软件开发工程师,Java",3-5年,本科,15k-30k,"交通,餐补，健身补贴，最多20天超长假期"
睦星科技（北京）有限公司,睦星科技,15-50人,A轮,海淀区,软件开发工程师,不限,本科,30k-60k,弹性工作；上升空间大；期权激励；大牛众多
杉数科技（北京）有限公司,杉数科技,50-150人,B轮,东城区,算法研发工程师,不限,本科,20k-30k,领域大牛导师&amp;精英团队 六险一金 快速成长
车好多旧机动车经纪（北京）有限公司,车好多集团,2000人以上,D轮及以上,朝阳区,高级/资深大数据开发工程师,3-5年,本科,25k-50k,"期权激励,弹性工作制,晋升空间,15薪起"
北京市商汤科技开发有限公司,商汤科技,2000人以上,C轮,海淀区,高级测试开发工程师,3-5年,本科,20k-40k,薪酬福利好、技术大牛多、发展快、核心团队
北京百炼智能科技有限公司,百炼智能,15-50人,天使轮,朝阳区,搜索技术工程师,1-3年,本科,15k-30k,"牛人多,平台发展快,工作氛围好,福利优厚"
北京拉勾网络技术有限公司,拉勾网,500-2000人,D轮及以上,海淀区,大数据开发工程师,3-5年,本科,18k-36k,"技术大牛,大数据,高成长,发展空间"
平安科技（深圳）有限公司,平安科技,2000人以上,不需要融资,朝阳区,1121F3-511北京-资深容器开发工程师,3-5年,本科,20k-30k,"五险一金,带薪年假,节日福利"
北京深醒科技有限公司,深醒科技,150-500人,B轮,东城区,中级软件开发工程师（C/C++方向）,1-3年,硕士,15k-25k,年终奖金 五险一金 定期体检 带薪年假
北京达佳互联信息技术有限公司,快手,2000人以上,D轮及以上,海淀区,基础平台研发工程师,3-5年,本科,15k-30k,"弹性工作,奖金丰厚,工作氛围好,各种团建"
融慧金科金融服务外包（北京）有限公司,融慧金科,50-150人,A轮,朝阳区,模型开发工程师 （全职/实习）,不限,本科,14k-28k,"五险一金,股票期权,带薪年假，地铁周边"
北京快看世界信息技术有限公司,快看漫画,150-500人,D轮及以上,朝阳区,数仓平台开发工程师,3-5年,本科,20k-40k,"双休,七险一金,免费晚餐,重点业务"
申万宏源证券有限公司,申万宏源证券有限公司,2000人以上,上市公司,西城区,高级软件开发工程师,5-10年,本科,15k-30k,金融IT行业，机会多多，收入多多
北京自如友家资产管理有限公司,自如网,2000人以上,A轮,朝阳区,PHP开发工程师,3-5年,本科,16k-30k,绩效奖金，六险一金，带薪年假，团队氛围好
北京安为科技有限公司,北京安为科技有限公司,15-50人,未融资,海淀区,软件开发工程师,3-5年,本科,15k-25k,"五险一金,带薪年假,集体活动多,多次调薪"
因诺（上海）资产管理有限公司,因诺,15-50人,不需要融资,西城区,资深开发工程师,3-5年,硕士,20k-30k,"扁平管理,牛人团队,绩效奖金,六险一金"
北京奇智睿思信息咨询有限公司,奇智睿思,2000人以上,上市公司,朝阳区,资深前端工程师 / 前端技术经理,5-10年,本科,20k-40k,"国际化团队,国际化客户,气氛活跃,加班少"
跨越速运集团有限公司,跨越速运,2000人以上,不需要融资,朝阳区,路径引导高级开发工程师,1-3年,大专,15k-30k,薪酬福利好，晋升空间大，扁平化管理
车好多旧机动车经纪（北京）有限公司,车好多集团,2000人以上,D轮及以上,海淀区,前端开发负责人/前端技术专家,3-5年,本科,20k-40k,"技术框架,人工智能"
北京达佳互联信息技术有限公司,快手,2000人以上,D轮及以上,海淀区,基础平台研发工程师,3-5年,本科,30k-50k,免费双餐，免费健身房，团队大牛多
北京拉勾网络技术有限公司,拉勾网,500-2000人,D轮及以上,海淀区,安全开发工程师,5-10年,本科,20k-40k,"挑战,机会,自由,技术氛围浓"
北京自如友家资产管理有限公司,自如网,2000人以上,A轮,朝阳区,JAVA开发工程师（服务）,1-3年,本科,10k-20k,上升快 牛人多 工作有趣 领导好 租房7.5折
北京深醒科技有限公司,深醒科技,150-500人,B轮,东城区,高级软件开发工程师（深度学习方向）,5-10年,硕士,20k-40k,年终奖金 五险一金 定期体检 带薪年假
北京市商汤科技开发有限公司,商汤科技,2000人以上,C轮,海淀区,系统开发工程师,5-10年,本科,25k-50k,人工智能平台 发展空间 技术成长
北京神州祥龙投资管理有限公司,亚马逊（中国）,2000人以上,上市公司,朝阳区,高级软件开发工程师,5-10年,本科,35k-60k,无996，Kindle开发
优刻得科技股份有限公司,UCloud,500-2000人,D轮及以上,西城区,云管产品研发工程师,3-5年,本科,20k-40k,"六险一金,领导好,独角兽公司,弹性工作"
因诺（上海）资产管理有限公司,因诺,15-50人,不需要融资,西城区,高级系统开发工程师,3-5年,硕士,15k-30k,"扁平管理,牛人团队,绩效奖金,六险一金"
北京凌云雀科技有限公司,灵雀云,150-500人,B轮,海淀区,后端开发工程师,不限,本科,15k-30k,"技术领先,团队顶级,项目靠谱,资金充足"
北京睿企信息科技有限公司,北京睿企信息科技有限公司,50-150人,A轮,朝阳区,算法开发工程师（NLP方向）,1-3年,本科,20k-30k,六险一金 ；定期体检；扁平管理；定期团建
探探科技（北京）有限公司,探探,150-500人,D轮及以上,朝阳区,后端开发工程师,3-5年,本科,25k-50k,"免费三餐,免费零食,免费饮料,带薪休假"
北京心悦互娱科技有限公司,BitBays,150-500人,不需要融资,海淀区,服务端开发工程师,3-5年,本科,15k-30k,"五险一金,不打卡,年终多薪"
北京闪银奇异科技有限公司,闪银奇异,500-2000人,D轮及以上,朝阳区,后端开发工程师（Python）,1年以下,本科,15k-20k,免费午餐 发展空间大 团队氛围好
北京朗迪锋科技有限公司,朗迪锋,50-150人,未融资,丰台区,三维软件开发工程师,不限,本科,25k-35k,晋升空间
北京拉勾网络技术有限公司,拉勾网,500-2000人,D轮及以上,海淀区,安全开发工程师,3-5年,本科,15k-30k,"挑战,机会,自由,技术氛围浓"
北京深醒科技有限公司,深醒科技,150-500人,B轮,东城区,高级软件开发工程师（视频分析方向）,5-10年,硕士,20k-40k,年终奖金 五险一金 定期体检 带薪年假
广州实地房地产开发有限公司,实地集团,2000人以上,不需要融资,朝阳区,云平台开发工程师,5-10年,本科,25k-50k,"6险1金,周末双休"
北京趣拿软件科技有限公司,去哪儿网,2000人以上,不需要融资,海淀区,算法开发工程师-火车票事业部(J13763),1-3年,本科,20k-35k,"平台大,扁平化管理,年度旅游,团队氛围好"
北京字节跳动科技有限公司,字节跳动,2000人以上,C轮,海淀区,系统工程师（实习）-SD-WAN 开发,不限,本科,2k-4k,弹性工作，免费三餐，租房补贴，休闲下午茶
车好多旧机动车经纪（北京）有限公司,车好多集团,2000人以上,D轮及以上,朝阳区,云平台开发工程师,3-5年,本科,25k-50k,领导好　股票期权　奖金多　靠谱CEO
北京微光果壳科技有限公司,微壳,150-500人,不需要融资,朝阳区,后端研发工程师,1-3年,本科,20k-30k,发展前景好、期权
北京小年糕互联网技术有限公司,小年糕,150-500人,C轮,海淀区,后端开发工程师,3-5年,本科,18k-36k,"指数增长,学习成长,价值实现,专家同事"
北京木瓜移动科技股份有限公司,木瓜移动,150-500人,B轮,海淀区,后端开发工程师,3-5年,本科,25k-35k,"大平台,国际化,氛围好,五险一金"
北京豪腾嘉科科技有限公司,疯狂游戏,150-500人,不需要融资,海淀区,后端开发,3-5年,本科,20k-40k,项目奖金、丰厚年终、出国团建、公司氛围好
北京君林科技股份有限公司,君林科技,50-150人,天使轮,朝阳区,音频技术工程师,3-5年,本科,20k-30k,"带薪年假,弹性工作,周末双休,发展空间大"
深圳小库科技有限公司,小库科技,50-150人,A轮,海淀区,后端开发,3-5年,本科,20k-40k,海归精英多 双休不打卡 带薪年假多
清枫（北京）科技有限公司,Max+&小黑盒,50-150人,A轮,朝阳区,后台开发工程师,不限,本科,15k-25k,北大博士创业团队，发展迅速，丰厚期权
北京国双科技有限公司,Gridsum 国双,500-2000人,上市公司,海淀区,后端研发工程师,5-10年,本科,25k-35k,"六险一金,节日福利,带薪休假,餐补"
北京芯盾时代科技有限公司,Trusfort芯盾时代,150-500人,C轮,海淀区,大数据开发工程师,3-5年,本科,15k-30k,"五险一金,工作居住证,节日福利,出国旅游"
北京小年糕互联网技术有限公司,小年糕,150-500人,C轮,海淀区,后端开发工程师（php/go）,3-5年,本科,20k-40k,"指数增长,学习成长,价值实现,专家同事"
北京木瓜移动科技股份有限公司,木瓜移动,150-500人,B轮,海淀区,后端开发工程师,1-3年,本科,15k-30k,团队氛围好，公司发展快，福利待遇好
标贝（北京）科技有限公司,标贝科技,50-150人,A轮,海淀区,语音研发工程师（实习）,1年以下,本科,2k-4k,年底双薪 弹性工作 七险一金 绩效奖金
爱笔（北京）智能科技有限公司,Aibee,150-500人,A轮,海淀区,算法开发工程师-计算平台,1-3年,本科,15k-30k,人工智能 创业氛围
北京百炼智能科技有限公司,百炼智能,15-50人,天使轮,朝阳区,后端工程师,3-5年,本科,15k-30k,"牛人多,平台发展快,工作氛围好,福利优厚"
北京世相科技文化有限公司,新世相,150-500人,B轮,朝阳区,数据开发工程师,1-3年,本科,12k-20k,成长空间、成就感、不错的收入
北京太古代科技有限公司,太古代科技,50-150人,B轮,海淀区,数据开发工程师,1-3年,本科,23k-46k,福利待遇优厚！
北京市商汤科技开发有限公司,商汤科技,2000人以上,C轮,海淀区,软件开发工程师,3-5年,本科,20k-40k,"AI独角兽,公司前景好"
银客未来科技（北京）有限公司,INK 银客集团,500-2000人,C轮,海淀区,大数据开发工程师,5-10年,不限,25k-35k,"大牛带领,成长空间,薪资诱惑,福利完善"
深圳市金证优智科技有限公司,金证优智,15-50人,A轮,海淀区,数据开发工程师,5-10年,本科,15k-30k,"技术大牛,团队氛围好,高成长"
北京凌云雀科技有限公司,灵雀云,150-500人,B轮,海淀区,后端开发工程师（Go）,3-5年,本科,15k-30k,"技术领先,团队顶级,项目靠谱,资金充足"
上海任意门科技有限公司,Soul App,150-500人,C轮,海淀区,大数据开发工程师,5-10年,本科,25k-50k,"高薪,五险一金"
北京点石经纬科技有限公司,OKAY智慧教育,500-2000人,B轮,海淀区,大数据开发工程师,3-5年,本科,15k-25k,"机会多多,平台好,发展好,K12"
北京梧桐车联科技有限责任公司,梧桐车联,150-500人,不需要融资,海淀区,大数据开发工程师,3-5年,本科,20k-40k,地铁周边、带薪年假、扁平管理、不打卡
深圳瑞银信信息技术有限公司,瑞银信,2000人以上,不需要融资,朝阳区,数据开发工程师,3-5年,本科,15k-25k,五险一金，餐补，交通便利，环境高大上
北京小年糕互联网技术有限公司,小年糕,150-500人,C轮,海淀区,后端开发工程师,3-5年,本科,20k-40k,"指数增长,学习成长,价值实现,专家同事"
北京木瓜移动科技股份有限公司,木瓜移动,150-500人,B轮,海淀区,大数据开发工程师,3-5年,本科,15k-30k,"大平台,国际化,氛围好,五险一金"
北京右划网络科技有限公司,V8实拍,150-500人,B轮,朝阳区,多媒体开发工程师,5-10年,本科,27k-40k,五险一金、风口赛道、无天花板、与大咖共事
北京涛思数据科技有限公司,北京涛思数据科技有限公司,15-50人,A轮,朝阳区,高级软件研发工程师,不限,本科,20k-40k,"大牛团队,高薪好福利,弹性工作,丰厚期权"
高德软件有限公司,阿里巴巴-高德,2000人以上,上市公司,朝阳区,测试开发工程师,3-5年,本科,20k-40k,福利待遇、发展前景
北京达佳互联信息技术有限公司,快手,2000人以上,D轮及以上,海淀区,工具研发工程师,不限,大专,20k-40k,提供午餐晚餐、下午茶，住房补贴等。
腾讯科技（深圳）有限公司,腾讯,2000人以上,上市公司,海淀区,云存储资深研发工程师,5-10年,本科,35k-45k,平台大，薪资高
北京奇智睿思信息咨询有限公司,奇智睿思,2000人以上,上市公司,朝阳区,后端/Golang工程师（CRM&amp;电商）,3-5年,本科,18k-30k,"国际化团队,国际化客户,气氛活跃,加班少"
北京微聚未来科技有限公司,微聚未来,500-2000人,不需要融资,海淀区,大数据研发工程师,3-5年,本科,20k-40k,"牛人团队,带薪年假,16薪考核,快速成长"
武汉小象创意科技有限公司,芒果电单车,50-150人,A轮,朝阳区,后端开发工程师,3-5年,本科,20k-40k,下午茶 六险一金 节日礼物
达疆网络科技（上海）有限公司,达达-京东到家,2000人以上,D轮及以上,大兴区,算法工程师,3-5年,本科,25k-50k,"新零售,扁平化管理,免费班车"
车好多旧机动车经纪（北京）有限公司,车好多集团,2000人以上,D轮及以上,朝阳区,后端开发工程师,不限,本科,25k-50k,领导好　股票期权　奖金多　靠谱CEO
北京百乘金科科技有限公司,百乘金科集团,2000人以上,上市公司,朝阳区,模型开发工程师,3-5年,本科,20k-30k,"地铁周边,节日福利,年终奖金,晋升空间"
中信百信银行股份有限公司,百信银行,150-500人,不需要融资,朝阳区,PaaS开发工程师（消息队列方向）,3-5年,本科,30k-60k,福利待遇 发展前景
北京一人一亩田网络科技有限公司,一亩田,150-500人,C轮,海淀区,后端研发工程师（GO）,3-5年,不限,30k-40k,五险一金 弹性工作 期权激励
北京小年糕互联网技术有限公司,小年糕,150-500人,C轮,海淀区,大数据研发工程师,3-5年,本科,13k-26k,"大牛导师,学习成长,一日三餐,用户增长"
北京百乘金科科技有限公司,百乘金科集团,2000人以上,上市公司,朝阳区,模型开发工程师,3-5年,不限,20k-35k,"地铁周边,节日福利,年终奖金,晋升空间"
中信百信银行股份有限公司,百信银行,150-500人,不需要融资,朝阳区,PaaS开发工程师（微服务方向）,3-5年,不限,30k-60k,福利待遇 发展前景
北京佰策科技有限公司,佰策科技,150-500人,A轮,朝阳区,大数据研发工程师,3-5年,本科,15k-30k,交通便利 福利多多 牛人带队 扁平管理
中科天玑数据科技股份有限公司,中科天玑,150-500人,B轮,海淀区,大数据开发工程师,3-5年,本科,16k-30k,员工宿舍 年底双薪 成长空间
北京每日优鲜电子商务有限公司,每日优鲜,500-2000人,C轮,朝阳区,后端开发工程师,3-5年,本科,20k-40k,社交电商领域独角兽，产研负责人为大厂背景
北京印象笔记科技有限公司,印象笔记,50-150人,A轮,朝阳区,高级软件开发工程师,5-10年,本科,30k-45k,"研发中心, 核心产品, 知识内容, 效率"
北京好赞移动科技有限公司,nice,150-500人,C轮,朝阳区,后端研发工程师,3-5年,本科,16k-32k,扁平化管理，技术大佬指导，办公环境良好
北京格灵深瞳信息技术有限公司,格灵深瞳,150-500人,C轮,海淀区,后端开发工程师,3-5年,本科,15k-30k,人工智能 五险一金 补充医疗 饭补
北京字节跳动科技有限公司,字节跳动,2000人以上,C轮,海淀区,后端开发工程师,应届毕业生,本科,15k-30k,六险一金，弹性工作，免费三餐，租房补贴
高德软件有限公司,阿里巴巴-高德,2000人以上,上市公司,朝阳区,测试开发工程师-服务端,3-5年,本科,20k-40k,福利待遇、发展前景
神策网络科技（北京）有限公司,神策数据,150-500人,C轮,海淀区,后端研发工程师-分布式数据应用方向,不限,本科,20k-40k,技术大牛 年底多薪 扁平化管理
北京粉笔未来科技有限公司,猿辅导,2000人以上,D轮及以上,朝阳区,数据开发工程师,1-3年,硕士,25k-50k,五一9天假、双休、旅游津贴、nice领导
北京势在必行网络科技有限公司,币信,50-150人,不需要融资,海淀区,后端开发工程师,1-3年,本科,10k-20k,五险一金 年度体检 午晚餐 零食茶饮
北京香侬慧语科技有限责任公司,香侬科技,50-150人,A轮,海淀区,后端开发工程师,1-3年,本科,15k-30k,大牛带队、亿级融资、地铁周边、免费双餐
